編號,鄉鎮市,村里,巷道名稱,約寬度(公尺),約長度(公尺),車行動線(單、雙行),受影響建築物之詳細地址,停車管制原則【花蓮縣狹小巷道管理作業程序】,劃設禁制標線及需求情形,轄區分隊,備註,width_m_min,width_m_max
1,花蓮市,國防里,進豐街96巷,4.2-5.6,182,雙行,1~3號、8~8之2號(寬度4.2公尺雙邊禁止停車)、3之2、4、5、7、11號(寬度5.6公尺單雙月輪流禁停),雙邊禁止停車、單雙月輪流禁止停車,無劃設禁制標線,花蓮分隊,,4.2,5.6
2,花蓮市,民主里,中山路16巷,4.5-6,127,雙行,2之1、4之1、28、30號(寬度6公尺雙邊禁止停車)、5、12、16、18、20、32、34號(寬度4.5公尺單雙月輪流禁停),雙邊禁止停車、單雙月輪流禁止停車,無劃設禁制標線,花蓮分隊,,4.5,6.0
3,花蓮市,主和里,文光街23巷,4.3,60,雙行,2至23號,雙邊禁止停車,無劃設禁制標線,花蓮分隊,,4.3,4.3
4,花蓮市,國魂里,建國路318巷,4,108,雙行,3號,雙邊禁止停車,無劃設禁制標線,花蓮分隊,,4.0,4.0
5,花蓮市,國魂里,延平街68巷,5.4,72,雙行,2~27號,雙邊禁止停車,無劃設禁制標線,花蓮分隊,,5.4,5.4
6,花蓮市,國魂里,延平街167巷,4.5,88,雙行,1至18號,雙邊禁止停車,無劃設禁制標線,花蓮分隊,,4.5,4.5
7,花蓮市,國魂里,延平街148巷2弄,3.8,160,雙行,1至42號,雙邊禁止停車,無劃設禁制標線,花蓮分隊,,3.8,3.8
8,花蓮市,國魂里,延平街193巷,5.1-6.2,126,雙行,6號(寬度6公尺單雙月輪流禁停)、20~31號(寬度5.1公尺雙邊禁止停車),雙邊禁止停車、單雙月輪流禁止停車,無劃設禁制標線,花蓮分隊,,5.1,6.2
9,吉安鄉,北昌村,建國路350巷32弄,6.2,117,雙行,5~25號,單雙月輪流禁止停車,無劃設禁制標線,花蓮分隊,,6.2,6.2
10,花蓮市,國強里,豐村路,3.1,240,雙行,豐村60-6、60-8、60-9、26-1、24、21-43、21-45、60-7號,雙邊禁止停車,無劃設禁制標線,自強分隊,,3.1,3.1
11,花蓮市,國慶里,中山路一段138巷,3.6,290,雙行,中山路一段138巷1、102、11、13、15、15-1、15-2、15-3、17-1、17-2、17-3、17-5、17-6、17-7、17、21、23、3、5、68、70、72、75、76、80、9號、中山路一段138巷100弄6、8、10、15、18號,雙邊禁止停車,已劃設禁制標線,自強分隊,,3.6,3.6
12,花蓮市,國強里,豐村路,5.3,100,雙行,豐村19、21、29號,雙邊禁止停車,無劃設禁制標線,自強分隊,,5.3,5.3
13,花蓮市,國富里,國富二十街,5.7,221.8,雙行,國富二十街8~100號,單雙月輪流禁止停車,無劃設禁制標線,自強分隊,,5.7,5.7
14,花蓮市,國富里,國富十八街,5.7,254.8,雙行,國富十八街1~58號,單雙月輪流禁止停車,無劃設禁制標線,自強分隊,,5.7,5.7
15,花蓮市,國富里,國富十七街,6.9,223.2,雙行,國富十七街2~72號,單雙月輪流禁止停車,無劃設禁制標線,自強分隊,,6.9,6.9
16,花蓮市,國富里,國富十九街,7.2,201.1,雙行,國富十九街2~50號,單雙月輪流禁止停車,無劃設禁制標線,自強分隊,,7.2,7.2
17,花蓮市,國富里,國富八街,6.6,109.8,雙行,國富八街1~32號,單雙月輪流禁止停車,無劃設禁制標線,自強分隊,,6.6,6.6
18,花蓮市,國慶里,中山路一段3巷,3,370,雙行,中山路一段3巷100、120、136~152、170、172號,雙邊禁止停車,已劃設禁制標線,自強分隊,,3.0,3.0
19,花蓮市,國慶里,中山路一段3巷216弄,3,480,雙行,中山路一段3巷216弄15、20、22、40~48、60號,雙邊禁止停車,已劃設禁制標線,自強分隊,,3.0,3.0
20,花蓮市,主權里,中華路498巷,6,170,雙行,中華路498巷1~41號,單雙月輪流禁止停車,無劃設禁制標線,自強分隊,,6.0,6.0
21,花蓮市,主權里,德安一街191巷,4,114,雙行,1-23號,雙邊禁止停車,無劃設禁制標線,花蓮分隊,,4.0,4.0
22,花蓮市,主權里,中正路89巷,5.5-7.9,93,雙行,9~21號(寬度5.5公尺單雙月輪林禁停)、23~35號(寬度7.9公尺解除列管),雙邊禁止停車、單雙月輪流禁止停車,無劃設禁制標線,花蓮分隊,,5.5,7.9
23,花蓮市,主農里,重慶路82巷,3.5,210,雙行,3、5、7、8、50號,雙邊禁止停車,無劃設禁制標線,花蓮分隊,,3.5,3.5
24,花蓮市,主農里,福建街106巷,6.8,150,雙行,2-40號,單雙月輪流禁止停車,無劃設禁制標線,花蓮分隊,,6.8,6.8
25,花蓮市,國慶里,中山路一段318巷,4.7,451,雙行,中山路一段318巷1、102、106、3、31、5號,雙邊禁止停車,已劃設禁制標線,自強分隊,,4.7,4.7
26,吉安鄉,仁安村,海岸路645巷,5.9,277.8,雙行,645巷入口兩側紅線延伸至海岸路643號鐵皮屋後方、南海十街159巷西側單測紅線(南海十街~南海十街143巷1弄),單雙月輪流禁止停車,無劃設禁制標線,仁里分隊,,5.9,5.9
27,吉安鄉,北昌村,建昌路140巷,7.5,218,雙行,建昌路140巷1~58號,單雙月輪流禁止停車,無劃設禁制標線,自強分隊,,7.5,7.5
28,吉安鄉,北昌村,自立路89巷,7,200,雙行,自立路89巷1~56號、國富11-6~11-15號,單雙月輪流禁止停車,無劃設禁制標線,自強分隊,,7.0,7.0
29,吉安鄉,北昌村,自強路594巷,6.8,224,雙行,自強路594巷1~18號,單雙月輪流禁止停車,已劃設禁制標線,自強分隊,,6.8,6.8
30,吉安鄉,北昌村,建國路一段127號,6.1,179,雙行,2~41號,單雙月輪流禁止停車,無劃設禁制標線,自強分隊,,6.1,6.1
31,吉安鄉,南昌村,文化一街7巷1弄,7.3,112.3,雙行,1~3號、29號(皆為轉彎處),單雙月輪流禁止停車,無劃設禁制標線,仁里分隊,,7.3,7.3
32,秀林鄉,水源村,水源村2號,5,650,雙行,水源村2~46-1號,雙邊禁止停車,無劃設禁制標線,自強分隊,,5.0,5.0
33,秀林鄉,水源村,水源村71號,2.1,112,雙行,水源村71 71-1 72~72-2 76-1~76-5 74~74-2 75~75-2號,雙邊禁止停車,無劃設禁制標線,自強分隊,,2.1,2.1
34,秀林鄉,水源村,水源村82號,2.5,160,雙行,水源村82號~89號,雙邊禁止停車,無劃設禁制標線,自強分隊,,2.5,2.5
35,秀林鄉,銅門村,榕樹部落主幹道,6.5,300,雙行,"榕樹部落18.18-1.19.19-1.20.19-3.19-5.23.23-6.23-10.23-2.23-11.23-3.23-4.23-7.24.25.32-3.32-1.32-2.27.28.29.29-2.30.32.32-1.32-2.36-3.34.36-1號(6.5米)
榕樹部落33.36.36-4.37.39-1.39.45.45-1.45-2.47.63.64-2.49.50.53.45-1.56.57.59.60.60-2.64-1.60-2.63-1.38.43.38-2.38-1",雙邊禁止停車,無劃設禁制標線,吉安分隊,,6.5,6.5
36,秀林鄉,銅門村,榕樹部落靠山邊支幹,6,150,雙行,榕樹部落18-2.18-3.18-7.18-4.18-5.19-2.20-2.22-1.22.21-4號,單雙月輪流禁止停車,無劃設禁制標線,吉安分隊,,6.0,6.0
37,秀林鄉,和平村,(和平89號至108號),3,236,單行,和平村89號至107號,雙邊禁止停車,無劃設禁制標線,和平分隊,,3.0,3.0
38,秀林鄉,和平村,和平村和仁10-33號(和中部落),5,261,單行,和平村和仁10-33號,雙邊禁止停車,無劃設禁制標線,和平分隊,,5.0,5.0
39,秀林鄉,和平村,和平村和中(12-85號、85-89號、75-83號、62-73號、45-60號、31-41號、13-85號、16-87號、20-89號),3,約700,單行,和平村和中(12-85號、85-89號、75-83號、62-73號、45-60號、31-41號、13-85號、16-87號、20-89號),雙邊禁止停車,已劃設禁制標線,和平分隊,,3.0,3.0
40,秀林鄉,景美村,三棧社區(三棧溪左岸),3.4,190,雙行,三棧8號至30之3號,雙邊禁止停車,無劃設禁制標線,新秀分隊,,3.4,3.4
41,玉里鎮,樂合里,安通部落道路,5,1000,單行,安通1號至安通72號,雙邊禁止停車,無劃設禁制標線,玉里分隊,,5.0,5.0
42,玉里鎮,樂合里,樂合社區樂合路兩側巷弄,5,900,雙行,樂合1號至樂合155號,雙邊禁止停車,無劃設禁制標線,玉里分隊,,5.0,5.0
43,玉里鎮,泰昌里,北平社區北平路,5,600,雙行,北平6-1號至北平6-48號,雙邊禁止停車,無劃設禁制標線,玉里分隊,,5.0,5.0
44,玉里鎮,泰昌里,中華路139巷,4,250,雙行,中華路139巷2號至58號,雙邊禁止停車,無劃設禁制標線,玉里分隊,,4.0,4.0
45,玉里鎮,泰昌里,中華路139巷48弄,4,100,雙行,中華路139巷48弄2號至12號,雙邊禁止停車,無劃設禁制標線,玉里分隊,,4.0,4.0
46,玉里鎮,泰昌里,西邊街30巷,4,60,雙行,西邊街30巷30號至61號,雙邊禁止停車,無劃設禁制標線,玉里分隊,,4.0,4.0
47,玉里鎮,長良里,長良195號旁道路,2.5,50,雙行,長良183、184、191~200號,雙邊禁止停車,無劃設禁制標線,卓溪分隊,,2.5,2.5
48,玉里鎮,長良里,長良里忠義12號,5,20,雙行,長良里忠義12、33號,雙邊禁止停車,無劃設禁制標線,卓溪分隊,,5.0,5.0
49,玉里鎮,三民里,三民90-3號與90-4號中間巷子,4,50,單行,三民98、99、106號,雙邊禁止停車,無劃設禁制標線,三民分隊,,4.0,4.0
50,玉里鎮,三民里,花65縣道,4,90%4米、10%5米,單行,三軒35至158號、三民158至174號,雙邊禁止停車,已劃設禁制標線,三民分隊,,4.0,4.0
51,秀林鄉,三棧村,三棧村三棧社區,4.2,250,雙行,"三棧97號至三棧105之1號,三棧108之1至三棧46號路底",雙邊禁止停車,已劃設禁制標線,北埔分隊,,4.2,4.2
52,秀林鄉,三棧村,景美村加灣47之1號,3.8,45,雙行,全段道路及住戶,雙邊禁止停車,無劃設禁制標線,北埔分隊,,3.8,3.8
53,秀林鄉,崇德村,崇德(上村)(靠海側),3,370,雙行,崇德133之1號至189之1號、崇德127之2至133之1號、崇德143號至145之4號(崇德145之5號至189之1號已單邊畫設),雙邊禁止停車,無劃設禁制標線,新秀分隊,,3.0,3.0
54,秀林鄉,崇德村,崇德(下村),4,300,雙行,崇德45號至75之15號、崇德44號至67號(崇德45號至75至15號雙邊畫設),雙邊禁止停車,無劃設禁制標線,新秀分隊,,4.0,4.0
55,秀林鄉,富世村,富世(上村),3.9,125,雙行,富世81之5號到84號,雙邊禁止停車,已劃設禁制標線,新秀分隊,,3.9,3.9
56,秀林鄉,富世村,富世(下村)(教堂斜坡),4.2,466,雙行,富世162號至217號,雙邊禁止停車,無劃設禁制標線,新秀分隊,,4.2,4.2
57,秀林鄉,富世村,富世(下村)(舊台九),3.8,180,雙行,富世297號至313號,雙邊禁止停車,無劃設禁制標線,新秀分隊,,3.8,3.8
58,秀林鄉,秀林村,可樂社區,4,450,雙行,富世1號至富世57之2號,雙邊禁止停車,無劃設禁制標線,新秀分隊,,4.0,4.0
59,新城鄉,北埔村,民享街,5.5,117,雙行,全段道路及住戶,雙邊禁止停車,已劃設禁制標線,北埔分隊,,5.5,5.5
60,新城鄉,康樂村,康樂路119巷及外側產業道路,5.4,110,雙行,全段道路及住戶,雙邊禁止停車,已劃設禁制標線,北埔分隊,,5.4,5.4
61,新城鄉,大漢村,明潭街及10巷,5.4,大於200m,雙行,全段道路及住戶,雙邊禁止停車,已劃設禁制標線,北埔分隊,,5.4,5.4
62,新城鄉,北埔村,北埔路251巷,4.2,180m,雙行,全段道路及住戶,雙邊禁止停車,已劃設禁制標線,北埔分隊,,4.2,4.2
63,新城鄉,北埔村,民權街,5.4,145m,雙行,全段道路及住戶,雙邊禁止停車,已劃設禁制標線,北埔分隊,,5.4,5.4
64,新城鄉,北埔村,北埔路254巷,5.1,150m,雙行,全段道路及住戶,雙邊禁止停車,已劃設禁制標線,北埔分隊,,5.1,5.1
65,新城鄉,康樂村,康樂路168巷,5.2,大於200m,雙行,全段道路及住戶,雙邊禁止停車,已劃設禁制標線,北埔分隊,1101018,5.2,5.2
66,新城鄉,嘉新村,嘉北一街2巷,4.2,90,雙行,全段道路及住戶,雙邊禁止停車,無劃設禁制標線,北埔分隊,,4.2,4.2
67,新城鄉,嘉新村,嘉北一街3巷,4.1,85,雙行,全段道路及住戶,雙邊禁止停車,已劃設禁制標線,北埔分隊,,4.1,4.1
68,新城鄉,嘉新村,嘉北一街4巷,4.5,92,雙行,全段道路及住戶,雙邊禁止停車,已劃設禁制標線,北埔分隊,,4.5,4.5
69,新城鄉,嘉新村,嘉北一街5巷,3.8,87,雙行,全段道路及住戶,雙邊禁止停車,已劃設禁制標線,北埔分隊,,3.8,3.8
70,新城鄉,嘉新村,嘉北一街6巷,3.2,89,雙行,全段道路及住戶,雙邊禁止停車,已劃設禁制標線,北埔分隊,,3.2,3.2
71,新城鄉,嘉新村,嘉北一街7巷,4.6,88,雙行,全段道路及住戶,雙邊禁止停車,已劃設禁制標線,北埔分隊,,4.6,4.6
72,新城鄉,嘉新村,嘉北二街1巷,4.3,92m,雙行,全段道路及住戶,雙邊禁止停車,無劃設禁制標線,北埔分隊,,4.3,4.3
73,新城鄉,嘉新村,嘉北二街2巷,4.9,90m,雙行,全段道路及住戶,雙邊禁止停車,已劃設禁制標線,北埔分隊,,4.9,4.9
74,新城鄉,嘉新村,嘉北二街3巷,4.3,89m,雙行,全段道路及住戶,雙邊禁止停車,已劃設禁制標線,北埔分隊,,4.3,4.3
75,新城鄉,嘉新村,嘉北二街4巷,4.1,92m,雙行,全段道路及住戶,雙邊禁止停車,已劃設禁制標線,北埔分隊,,4.1,4.1
76,新城鄉,嘉新村,嘉北二街5巷,4.3,87m,雙行,全段道路及住戶,雙邊禁止停車,已劃設禁制標線,北埔分隊,,4.3,4.3
77,新城鄉,嘉新村,嘉北二街6巷,4.3,95m,雙行,全段道路及住戶,雙邊禁止停車,無劃設禁制標線,北埔分隊,,4.3,4.3
78,新城鄉,嘉新村,嘉北二街7巷,3.9,90m,雙行,全段道路及住戶,雙邊禁止停車,無劃設禁制標線,北埔分隊,,3.9,3.9
79,新城鄉,嘉新村,嘉北二街8巷,3.4,88m,雙行,全段道路及住戶,雙邊禁止停車,無劃設禁制標線,北埔分隊,,3.4,3.4
80,新城鄉,嘉新村,嘉北二街9巷,4.3,92m,雙行,全段道路及住戶,雙邊禁止停車,已劃設禁制標線,北埔分隊,,4.3,4.3
81,新城鄉,嘉新村,嘉北二街10巷,4.1,87m,雙行,全段道路及住戶,雙邊禁止停車,已劃設禁制標線,北埔分隊,,4.1,4.1
82,新城鄉,嘉新村,嘉北二街11巷,4.5,94m,雙行,全段道路及住戶,雙邊禁止停車,已劃設禁制標線,北埔分隊,,4.5,4.5
83,新城鄉,嘉新村,嘉北二街12巷,4.3,98m,雙行,全段道路及住戶,雙邊禁止停車,已劃設禁制標線,北埔分隊,,4.3,4.3
84,新城鄉,嘉新村,嘉南一街33巷,2.3,86m,雙行,全段道路及住戶,雙邊禁止停車,已劃設禁制標線,北埔分隊,,2.3,2.3
85,新城鄉,嘉新村,嘉南一街45巷,2.5,84m,雙行,全段道路及住戶,雙邊禁止停車,已劃設禁制標線,北埔分隊,,2.5,2.5
86,新城鄉,嘉新村,嘉里一街 ,3.6,88m,雙行,全段道路及住戶,雙邊禁止停車,已劃設禁制標線,北埔分隊,,3.6,3.6
87,新城鄉,嘉新村, 嘉里二街51巷,3.6,80m,雙行,全段道路及住戶,雙邊禁止停車,已劃設禁制標線,北埔分隊,,3.6,3.6
88,新城鄉,康樂村,廣安三街1巷,5.3,大於200m,雙行,全段道路及住戶(3號至17號),雙邊禁止停車,無劃設禁制標線,北埔分隊,,5.3,5.3
89,新城鄉,康樂村,廣安三街2巷,4.8,大於200m,雙行,全段道路及住戶(巷口至47號),雙邊禁止停車,無劃設禁制標線,北埔分隊,,4.8,4.8
90,新城鄉,康樂村,廣安三街5巷,5.4,大於200m,雙行,全段道路及住戶(1號至25號),雙邊禁止停車,無劃設禁制標線,北埔分隊,,5.4,5.4
91,新城鄉,新城村,中山路1巷,4,115,雙行,中山路1巷4號至30號(已單邊畫設),雙邊禁止停車,無劃設禁制標線,新秀分隊,,4.0,4.0
92,新城鄉,順安村,順安草林社區(靠山側),3,330,雙行,草林142號至160號(6米、單雙月輪流禁停)、草林75號至127之1號(草林75號至127之1號、草林97至119之1號已雙邊畫設)、草林97號至119之1號、,雙邊禁止停車,無劃設禁制標線,新秀分隊,,3.0,3.0
93,新城鄉,新城村,福亞社區,3.6,120,雙行,信義路164號-250號,雙邊禁止停車,已劃設禁制標線,新秀分隊,,3.6,3.6
94,秀林鄉,秀林村,民有社區,4.5,220,雙行,民有48之2號至51之1號、民有19之1號至59之1號,雙邊禁止停車,無劃設禁制標線,新秀分隊,,4.5,4.5
95,新城鄉,順安村,草林社區(靠海側),4,240,雙行,草林2之6號至草林8號(新設7米路)、草林25號至草林56號(已雙邊畫設),雙邊禁止停車,無劃設禁制標線,新秀分隊,,4.0,4.0
96,秀林鄉,崇德村,崇德(上村)(靠山側),3.8,160,雙行,崇德169之2號至171號(已雙邊畫設)、崇德168號至170之1號(僅單邊畫設)、崇德160號至166號(僅單邊畫設)、崇德159號至169之2號(已雙邊畫設),雙邊禁止停車,無劃設禁制標線,新秀分隊,,3.8,3.8
97,新城鄉,順安村,北三棧社區,3.3,230,雙行,北三棧25號至43之1號(3.3米)、北三棧20號至51號(6.1米)、北三棧15號至48之2號(5.1米)、北三棧51號至60之1號(6.2米),雙邊禁止停車,無劃設禁制標線,新秀分隊,,3.3,3.3
98,秀林鄉,富世村,民樂社區,4.5,380,雙行,民樂33號至38號(7.0米)、民樂27號至32號(5.3米)、民樂14號至20號(6.2米)、民樂38之1號至58號(7米)、民樂49號至56號(5.4米)、民樂40號至民樂46號(4.5米),雙邊禁止停車,無劃設禁制標線,新秀分隊,,4.5,4.5
99,花蓮市,民生里,大禹街,3.5,195,雙行,2~77號,雙邊禁止停車,已劃設禁制標線,花蓮分隊,,3.5,3.5
100,花蓮市,主安里,中正路168巷,3.8,200,雙行,1~46號,雙邊禁止停車,已劃設禁制標線,花蓮分隊,,3.8,3.8
101,花蓮市,主安里,中正路184巷,2.7,144,雙行,1~26號,雙邊禁止停車,已劃設禁制標線,花蓮分隊,,2.7,2.7
102,花蓮市,主學里,中正路249巷,4.8,160,雙行,22~70號,雙邊禁止停車,已劃設禁制標線,花蓮分隊,,4.8,4.8
103,花蓮市,主權里,中華路416巷,5.1,59,雙行,1~32號,雙邊禁止停車,已劃設禁制標線,花蓮分隊,,5.1,5.1
104,花蓮市,主和里,文光街,3.5,240,雙行,52~117號(無劃設禁制標線)、1~71號(已劃設禁制標線),雙邊禁止停車,無劃設禁制標線,花蓮分隊,,3.5,3.5
105,花蓮市,國魂里,延平街148巷,5.4,102,雙行,1~24號,雙邊禁止停車,已劃設禁制標線,花蓮分隊,,5.4,5.4
106,花蓮市,國魂里,延平街80巷,4.2-7.7,96,雙行,1~6號(寬度4.2公尺雙邊禁止停車)、7~12號(寬度6.8公尺單雙月輪流禁停)、14~21號(寬度7.7公尺解除列管),雙邊禁止停車,已劃設禁制標線,花蓮分隊,,4.2,7.7
107,花蓮市,國風里,林森路249巷,4.2,240,雙行,1~71號,雙邊禁止停車,已劃設禁制標線,花蓮分隊,,4.2,4.2
108,花蓮市,國風里,林森路257巷,4.5,235,雙行,1~41號,雙邊禁止停車,已劃設禁制標線,花蓮分隊,,4.5,4.5
109,花蓮市,國華里,林森路305巷,4,200,雙行,1~40號,雙邊禁止停車,已劃設禁制標線,花蓮分隊,,4.0,4.0
110,花蓮市,國華里,林森路315巷,4.4,208,雙行,2~54號,雙邊禁止停車,已劃設禁制標線,花蓮分隊,,4.4,4.4
111,花蓮市,國華里,林森路321巷,4-6.1,215,雙行,27~38號(寬度6.1公尺單雙月輪流禁停)、1~26號(寬度4公尺雙邊禁止停車),雙邊禁止停車、單雙月輪流禁止停車雙邊禁止停車,已劃設禁制標線,花蓮分隊,,4.0,6.1
112,花蓮市,國風里,林森路273巷1弄 ,4.6,205,雙行,1~56號,雙邊禁止停車,已劃設禁制標線,花蓮分隊,,4.6,4.6
113,花蓮市,國風里,林森路273巷 ,3.9,246,雙行,6~82號,雙邊禁止停車,已劃設禁制標線,花蓮分隊,,3.9,3.9
114,花蓮市,國風里,林森路243巷,3.5,203,雙行,1~53號,雙邊禁止停車,已劃設禁制標線,花蓮分隊,,3.5,3.5
115,花蓮市,國風里,林森路217巷 ,3.8,150,雙行,1~31號,雙邊禁止停車,已劃設禁制標線,花蓮分隊,,3.8,3.8
116,花蓮市,國風里,林森路217巷1弄,3.5-5.6,220,雙行,3~21號(寬3.5公尺雙邊禁止停車)、25~39號(寬5.6公尺單雙月輪流禁停,雙邊禁止停車、單雙月輪流禁止停車,已劃設禁制標線,花蓮分隊,,3.5,5.6
117,花蓮市,國華里,林森路361巷,5,85,雙行,1~10之1號,雙邊禁止停車,已劃設禁制標線,花蓮分隊,,5.0,5.0
118,花蓮市,國華里,林森路361巷1弄,3.5-6,95,雙行,2~25號(寬3.5公尺雙邊禁止停車)、27~33(寬6公尺單雙月輪流禁停),雙邊禁止停車、單雙月輪流禁止停車,無劃設禁制標線,花蓮分隊,,3.5,6.0
119,花蓮市,國華里,林森路361巷2弄,4.1,50,雙行,2~17號,雙邊禁止停車,已劃設禁制標線,花蓮分隊,,4.1,4.1
120,花蓮市,國華里,林森路361巷3弄,3.6,90,雙行,1~14之3號,雙邊禁止停車,已劃設禁制標線,花蓮分隊,,3.6,3.6
121,花蓮市,國華里,林森路361巷4弄,4.5,42.5,雙行,2~17號,雙邊禁止停車,已劃設禁制標線,花蓮分隊,,4.5,4.5
122,花蓮市,國華里,林森路361巷5弄,5,70,雙行,1~5號,雙邊禁止停車,已劃設禁制標線,花蓮分隊,,5.0,5.0
123,花蓮市,國光里,明禮路32巷,3.6,83,雙行,6~16-1號,雙邊禁止停車,已劃設禁制標線,花蓮分隊,,3.6,3.6
124,花蓮市,國魂里,建中街50巷,2.6,67,雙行,1~10號,雙邊禁止停車,已劃設禁制標線,花蓮分隊,,2.6,2.6
125,花蓮市,國魂里,建林街177巷,5.4,112,雙行,1~33,雙邊禁止停車,已劃設禁制標線,花蓮分隊,,5.4,5.4
126,花蓮市,國華里,建國路75巷,5,50,雙行,2~26號,雙邊禁止停車,已劃設禁制標線,花蓮分隊,,5.0,5.0
127,吉安鄉,北昌村,建國路370巷,4.1,137,單行,2號,雙邊禁止停車,已劃設禁制標線,花蓮分隊,,4.1,4.1
128,花蓮市,國魂里,建國路276巷,3.7-7,89,雙行,1~16號(寬3.7公尺雙邊禁止停車)、18~30號(寬7公尺單雙月輪流禁停),雙邊禁止停車、單雙月輪流禁止停車,已劃設禁制標線,花蓮分隊,,3.7,7.0
129,花蓮市,國華里,建國路95巷,4.1,179,雙行,1~56號,雙邊禁止停車,無劃設禁制標線,花蓮分隊,,4.1,4.1
130,花蓮市,主計里,重慶路436巷,2.7,120,雙行,8~50號,雙邊禁止停車,已劃設禁制標線,花蓮分隊,,2.7,2.7
131,花蓮市,國防里,進豐街57巷,4.2,159,雙行,10~71號,雙邊禁止停車,已劃設禁制標線,花蓮分隊,,4.2,4.2
132,花蓮市,國防里,進豐街66巷,4.3,150,雙行,1~12號,雙邊禁止停車,已劃設禁制標線,花蓮分隊,,4.3,4.3
133,花蓮市,國防里,進豐街113巷,2.5,210,雙行,1~36號,雙邊禁止停車,已劃設禁制標線,花蓮分隊,,2.5,2.5
134,花蓮市,主安里,福建街120巷,6,130,雙行,2~54號,單雙月輪流禁止停車,無劃設禁制標線,花蓮分隊,,6.0,6.0
135,花蓮市,主商里,一心街,3.4-5.7,170,雙行,4~14之1號(寬3.4公尺雙邊禁止停車)、5~62之1號(寬5.7公尺單雙月輪流禁停),雙邊禁止停車、單雙月輪流禁止停車,已劃設禁制標線,花蓮分隊,,3.4,5.7
136,花蓮市,主農里,中正路119巷,3,55,雙行,2~8號,雙邊禁止停車,已劃設禁制標線,花蓮分隊,,3.0,3.0
137,花蓮市,主權里,德安二街68巷,5.2-6,64,雙行,2~20號(寬6公尺單雙月輪流禁停)、38~60號(寬5.2公尺雙邊禁止停車),雙邊禁止停車、單雙月輪流禁止停車,已劃設禁制標線,花蓮分隊,,5.2,6.0
138,花蓮市,民勤里,介壽二街10巷,3.2,120,單行,介壽二街10巷1-28號,雙邊禁止停車,已劃設禁制標線,美崙分隊,,3.2,3.2
139,花蓮市,民孝里,華東路(大本部落),3.2,410,單行,華東81-5號至91-4號(至東興路出口、81-5號至東興路口需增劃),雙邊禁止停車,無劃設禁制標線,美崙分隊,,3.2,3.2
140,花蓮市,主力里,和平路493巷,3.9,183,雙行,6~48號,雙邊禁止停車,已劃設禁制標線,花蓮分隊,,3.9,3.9
141,花蓮市,國華里,中山路411巷,4,120,雙行,中山路411巷4號~18號；林森路361巷15之1~15之4號,雙邊禁止停車,已劃設禁制標線,花蓮分隊,,4.0,4.0
142,花蓮市,國風里,林榮街74巷3弄 ,3.6,63,雙行,2~12號,雙邊禁止停車,已劃設禁制標線,花蓮分隊,,3.6,3.6
143,花蓮市,主和里,重慶路250巷,3.4,109,雙行,1~68號,雙邊禁止停車,已劃設禁制標線,花蓮分隊,,3.4,3.4
144,花蓮市,國富里,國富二十五街,4.7,244.4,雙行,國富二十五街1~73號,雙邊禁止停車,已劃設禁制標線,自強分隊,,4.7,4.7
145,花蓮市,國華里,建國路75巷28弄,5,172,雙行,7~70號,雙邊禁止停車,已劃設禁制標線,花蓮分隊,,5.0,5.0
146,花蓮市,國魂里,延平街74巷,4.6,93,雙行,2~29號,雙邊禁止停車,已劃設禁制標線,花蓮分隊,,4.6,4.6
147,花蓮市,國魂里,建中街35巷,3,100,雙行,1~28號,雙邊禁止停車,已劃設禁制標線,花蓮分隊,,3.0,3.0
148,花蓮市,國魂里,中山路535巷,2.3,145,雙行,1~25號,雙邊禁止停車,已劃設禁制標線,花蓮分隊,,2.3,2.3
149,花蓮市,國魂里,中山路535巷1弄,5.5,29,雙行,1~12號,單雙月輪流禁止停車,已劃設禁制標線,花蓮分隊,,5.5,5.5
150,花蓮市,國強里,豐村路,4,143,雙行,豐村48、48-1、59-1、60-5、60-4、60-3、60-1號,雙邊禁止停車,已劃設禁制標線,自強分隊,,4.0,4.0
151,花蓮市,國慶里,中山路一段68巷,2.7,120,雙行,中山路一段68巷30號,雙邊禁止停車,已劃設禁制標線,自強分隊,,2.7,2.7
152,花蓮市,國慶里,中山路一段3巷276弄,2.5,850,雙行,中山路一段3巷276弄77~83、78~82號,雙邊禁止停車,已劃設禁制標線,自強分隊,,2.5,2.5
153,花蓮市,主權里,中華路536巷,3.5,130,雙行,中華路536巷1~31號,雙邊禁止停車,已劃設禁制標線,自強分隊,,3.5,3.5
154,花蓮市,主權里,中華路416巷1弄,3.2,40,雙行,1~19號,雙邊禁止停車,已劃設禁制標線,花蓮分隊,,3.2,3.2
155,花蓮市,主安里,中正路168巷7弄,3.8,62,雙行,1~7號,雙邊禁止停車,已劃設禁制標線,花蓮分隊,,3.8,3.8
156,花蓮市,主安里,中正路168巷9弄,4.5,40,雙行,1~10號,雙邊禁止停車,已劃設禁制標線,花蓮分隊,,4.5,4.5
157,花蓮市,國聯里,國興六街21巷,5.3,58,雙行,國興六街23號、1~10號,雙邊禁止停車,已劃設禁制標線,花蓮分隊,,5.3,5.3
158,花蓮市,國聯里,國興六街21巷5弄,5.6,82,雙行,1~12號,單雙月輪流禁止停車,已劃設禁制標線,花蓮分隊,,5.6,5.6
159,花蓮市,主權里,中華路416巷3弄(1-9號),4.6,108,雙行,中華路418之2號、中華路414之3~之5號；中華路416巷3弄1~12號,雙邊禁止停車,已劃設禁制標線,花蓮分隊,,4.6,4.6
160,花蓮市,主權里,中華路416巷2弄(1-9號),3.2,40,雙行,1~9號,雙邊禁止停車,已劃設禁制標線,花蓮分隊,,3.2,3.2
161,花蓮市,國福里,國福街272巷(22~31號),3.2,145,雙行,國福街272巷(22~31號),雙邊禁止停車,已劃設禁制標線,自強分隊,,3.2,3.2
162,花蓮市,國福里,國福街221巷(36、37、39、50、56號),2.8,174,雙行,國福街221巷(36、37、39、50、56號),雙邊禁止停車,無劃設禁制標線,自強分隊,,2.8,2.8
163,花蓮市,民權里,菁華街35巷2弄(1至16號),2.5,80,雙行,1~19號,雙邊禁止停車,已劃設禁制標線,花蓮分隊,,2.5,2.5
164,花蓮市,民權里,菁華街35巷1弄(1至10號),2.9,110,雙行,2之1~18號,雙邊禁止停車,已劃設禁制標線,花蓮分隊,,2.9,2.9
165,花蓮市,國魂里,建中街28巷,5.6,165,雙行,1~40號,單雙月輪流禁止停車,已劃設禁制標線,花蓮分隊,,5.6,5.6
166,花蓮市,民勤里,介壽二街8巷至介壽二街,3.2,263,單行,介壽二街1號至介壽二街8巷26號(介壽二街路段未劃設),雙邊禁止停車,無劃設禁制標線,美崙分隊,,3.2,3.2
167,花蓮市,國光里,復興新村34~54號,4.9,254,單行,復興新村34~54號,雙邊禁止停車,無劃設禁制標線,美崙分隊,,4.9,4.9
168,花蓮市,民享里,林園1~8-2號,2.8,279,單行,林園1~8-2號,雙邊禁止停車,無劃設禁制標線,美崙分隊,,2.8,2.8
169,花蓮市,民心里,華西50~55號,4.4,322,單行,華西50~55號,雙邊禁止停車,無劃設禁制標線,美崙分隊,,4.4,4.4
170,花蓮市,民心里,華西94-1~95-1、華西97~105、華西48-1~47-7號,4.4,605.8,單行,華西94-1~95-1、華西97~105、華西48-1~47-7號,雙邊禁止停車,無劃設禁制標線,美崙分隊,,4.4,4.4
171,花蓮市,國慶里,中山路一段203巷(10、12、16、20、31、33、35、37、39、41、53、66、68、70-1、70-3、70-5、70-7、70-9、70-11、70-13),4.5,260,雙行,"中山路一段203巷(10、12、16、20、31、
33、35、37、39、41、53、66、68、70-1、
70-3、70-5、70-7、70-9、70-11、70-13)",雙邊禁止停車,已劃設禁制標線,自強分隊,,4.5,4.5
172,花蓮市,國福里,沙基拉雅街39巷(1~25號),4.5,110,雙行,沙基拉雅街39巷(1~25號),雙邊禁止停車,已劃設禁制標線,自強分隊,,4.5,4.5
173,花蓮市,國福里,國福街289巷,4.2,220,雙行,"國福街289巷(122、126、130、132、155號)、
國福街289巷168弄、國福街289巷101弄",雙邊禁止停車,已劃設禁制標線,自強分隊,,4.2,4.2
174,花蓮市,主力里,中華路317巷4弄,3.4-6,183,雙行,中華路317巷4弄1~32號(寬6公尺單雙月輪流禁停)、中華路317巷(中福路199巷口至中和街214巷口寬3.4公尺雙邊禁停),雙邊禁止停車、單雙月輪流禁止停車,無劃設禁制標線,花蓮分隊,,3.4,6.0
175,花蓮市,國華里,博愛街220巷,3.1,61,雙行,3~21號,雙邊禁止停車,已劃設禁制標線,花蓮分隊,,3.1,3.1
176,花蓮市,國華里,博愛街220巷9弄,3,70,雙行,1~12號,雙邊禁止停車,已劃設禁制標線,花蓮分隊,,3.0,3.0
177,花蓮市,國防里,進豐街113巷1弄,3.7,96,雙行,2~30號,雙邊禁止停車,已劃設禁制標線,花蓮分隊,,3.7,3.7
178,花蓮市,主農里,中正路125巷,3.5,83,雙行,1~17號,雙邊禁止停車,無劃設禁制標線,花蓮分隊,,3.5,3.5
179,花蓮市,主農里,中正路119巷1弄,6.6,80,雙行,中正路119巷1弄2~17號、中正路125巷25、26號,單雙月輪流禁止停車,無劃設禁制標線,花蓮分隊,,6.6,6.6
180,花蓮市,國風里,林榮街74巷2弄,2.3,47,雙行,2~6號,雙邊禁止停車,已劃設禁制標線,花蓮分隊,,2.3,2.3
181,花蓮市,國風里,林榮街74巷,4.1,72,雙行,2~11號,雙邊禁止停車,已劃設禁制標線,花蓮分隊,,4.1,4.1
182,花蓮市,國魂里,中山路525巷,3.5,62,雙行,2~8號,雙邊禁止停車,無劃設禁制標線,花蓮分隊,,3.5,3.5
183,花蓮市,民權里,菁華街35巷3弄,3.6,57,雙行,7~9號,雙邊禁止停車,無劃設禁制標線,花蓮分隊,,3.6,3.6
184,花蓮市,民權里,菁華街35巷4弄,2.8,73,雙行,2~12號,雙邊禁止停車,無劃設禁制標線,花蓮分隊,,2.8,2.8
185,花蓮市,民權里,菁華街35巷5弄,2.5,51,雙行,1~6之1號,雙邊禁止停車,無劃設禁制標線,花蓮分隊,,2.5,2.5
186,花蓮市,國慶里,中山路一段3巷200弄10號,3,300,雙行,中山路一段3巷200弄10號,雙邊禁止停車,已劃設禁制標線,自強分隊,,3.0,3.0
187,花蓮市,國福里,沙基拉雅街(19~137號),7,580,雙行,沙基拉雅街(19~137號),單雙月輪流禁止停車,已劃設禁制標線,自強分隊,,7.0,7.0
188,花蓮市,國福里,沙基拉雅街39巷30弄(27號~101號),4.5,210,雙行,沙基拉雅街39巷30弄(27號~101號),雙邊禁止停車,已劃設禁制標線,自強分隊,,4.5,4.5
189,吉安鄉,仁里村,仁里五街11巷,3,113.5,雙行,仁里五街11巷1-16號,雙邊禁止停車,已劃設禁制標線,仁里分隊,,3.0,3.0
190,吉安鄉,東昌村,東海十街132巷,5.7,59.7,雙行,東海十街132巷1~16號,單雙月輪流禁止停車,已劃設禁制標線,仁里分隊,,5.7,5.7
191,吉安鄉,東昌村,東里十五街119號,6.1,62.4,雙行,東里十五街119、119-1、119-2、119-3、119-5號,單雙月輪流禁止停車,已劃設禁制標線,仁里分隊,,6.1,6.1
192,吉安鄉,仁里村,南埔八街205巷,6.2,122.4,雙行,南埔八街205巷1~31號,單雙月輪流禁止停車,已劃設禁制標線,仁里分隊,,6.2,6.2
193,吉安鄉,東昌村,榮光1~98號,5.5,220.4,雙行,榮光1~98號,單雙月輪流禁止停車,已劃設禁制標線,仁里分隊,,5.5,5.5
194,吉安鄉,南華村,南華村山下二街,4.9,319,雙行,"山下二街2,2-1,5-1,6,10,16,20,26,28,32,36號",雙邊禁止停車,已劃設禁制標線,吉安分隊,,4.9,4.9
195,吉安鄉,南華村,南華村南華五街26巷,3.8,272,雙行,"南華五街26巷1、1-2、2、3、5、6、7、8、8-1、9、10、11、11-1、12、13號
華興五街10巷3,5,9,11,12,13,15,16,17,18,19號(兩條不同路名相接成同一條路,非囊底路,長度>200公尺)",雙邊禁止停車,已劃設禁制標線,吉安分隊,,3.8,3.8
196,吉安鄉,福興村,福興村舊村三街,3.5,218,雙行,"舊村三街2,6,12,16,18,20,22,26,28,32,40,42,46,48,50號",雙邊禁止停車,已劃設禁制標線,吉安分隊,,3.5,3.5
197,吉安鄉,永安村,吉安路一段170巷內,3.5,230,雙行,"吉安路一段170巷6,8,10,11,12,13,14,16,18,20號",雙邊禁止停車,已劃設禁制標線,吉安分隊,,3.5,3.5
198,吉安鄉,太昌村,太昌路416巷,3.3,108,雙行,"太昌路416巷3,5,6,7,9,9-1,11,11-1,11-3號",雙邊禁止停車,已劃設禁制標線,吉安分隊,,3.3,3.3
199,吉安鄉,太昌村,太昌村太昌路468巷,3.3,292,雙行,太昌路468巷1，2，3，3-1，5，6，9，11，13號,雙邊禁止停車,已劃設禁制標線,吉安分隊,,3.3,3.3
200,吉安鄉,太昌村,太昌村太昌路482巷,3.5,118,雙行,"太昌路482巷1,1-1,2,3,5,6,6-1,9,9-1,10,11,13,15,20,22號",雙邊禁止停車,已劃設禁制標線,吉安分隊,,3.5,3.5
201,吉安鄉,福興村,福興村福昌一街,5.4,220,雙行,"福昌一街5,10,12,12-1,16,17,18,19,20,21,22,23,26,26-1,28,30,30-1,32,32-1,32-3,33,35,36,38,42,46,48,50,52,56,58,60,62,66,68,70,81,83,85,87,89,91,93,95,97,99,101,103,105,107號",雙邊禁止停車,已劃設禁制標線,吉安分隊,,5.4,5.4
202,吉安鄉,福興村,福興村舊村2街,4.6,217,雙行,"舊村二街2,6,8,10,11,12,13,15,16,17,19,20,21,22,26,28,29,30,31,32,38,39,41,43,48,49,50號",雙邊禁止停車,已劃設禁制標線,吉安分隊,,4.6,4.6
203,吉安鄉,慶豐村,慶豐村慶北二街,4.5,850,雙行,"慶北二街81,83,85,87,111,113,115,117,119,121,123,125,126,127,128,129,130,131,136,136-1,138,138-1,138-2,138-3,146,148,191,193,197,199,201,203,205,207,209,211,213,215,217,219,221,223,225,227,229,231,233,235,237,239,241,243,261,263,265,267,269,271,273,275,277,279",雙邊禁止停車,已劃設禁制標線,吉安分隊,,4.5,4.5
204,吉安鄉,永安村,永安村明仁二街204巷,4.5,233,雙行,"明仁二街204巷1,1-1,2,3,4,5,6,7,8,9,10,11,12,13,14,15,16,17,18,19,20,22號(兩條不同路名相接成同一條路,非囊底路,長度>200公尺)",雙邊禁止停車,已劃設禁制標線,吉安分隊,,4.5,4.5
205,吉安鄉,慶豐村,"慶豐村慶豐四街111巷
慶豐五街125巷",5,150,雙行,"慶豐四街111巷1,2,3,4,5,6,7,8,9,10,11,12,13,14,15,16,17,18,19,20,21,22,23,24,26號(兩條不同路名相接成同一條路,非囊底路,長度>200公尺)",雙邊禁止停車,已劃設禁制標線,吉安分隊,,5.0,5.0
206,吉安鄉,太昌村,太昌村明義四街,4.2,1017,雙行,"明義四街2,4,6,8號(5.7米)
明義四街23,31,33,35,37,39,42,42-1,45,46,48,49,49-1,50,52,54,57,59,60-1,61,62,62-1,65,66,68,70,72,74,76,78,80,82,84,88,90號(4.2米)
明義四街128,200號(6.2米)",雙邊禁止停車,已劃設禁制標線,吉安分隊,,4.2,4.2
207,吉安鄉,南華村,南華村山下五街,4.1,290,雙行,"山下五街8,16,18,20,22,26,28,28-1,30,32,36,42,46,48號",雙邊禁止停車,已劃設禁制標線,吉安分隊,,4.1,4.1
208,吉安鄉,宜昌村,"吉祥八街2巷
吉祥八街1巷",4.6,206,雙行,"吉祥八街1巷1,1-1,2,3,3-1,5,6,7,8,9,10,11,12,13,14,15,16,17號(4.6米)
吉祥八街2巷1,2,2-1,3,5,6,7,8,9,10,11,12號(4.8米)",雙邊禁止停車,無劃設禁制標線,吉安分隊,,4.6,4.6
209,吉安鄉,永安村,北安街126巷,3.5,700,雙行,"
北安街126巷119、66、62、60、56-6、56
",雙邊禁止停車,無劃設禁制標線,吉安分隊,,3.5,3.5
210,吉安鄉,永安村,北安街142巷,3,400,雙行,北安街142巷8、17、30、32、50-1、55-1,雙邊禁止停車,無劃設禁制標線,吉安分隊,,3.0,3.0
211,吉安鄉,永安村,吉安路一段181巷,4,260,雙行,吉安路一段181巷11、13、15、17、19號,雙邊禁止停車,無劃設禁制標線,吉安分隊,,4.0,4.0
212,吉安鄉,永安村,永昌街191巷,4,450,雙行,永昌街191巷2、6號,雙邊禁止停車,無劃設禁制標線,吉安分隊,,4.0,4.0
213,吉安鄉,永安村,北安街98巷,4.3,700,雙行,北安街98巷82、18、20、111、47、51、53、55、63、65、89號,雙邊禁止停車,無劃設禁制標線,吉安分隊,,4.3,4.3
214,吉安鄉,永安村,永昌街,4.3,2600,雙行,永昌街365、367、367-1、387、399、560、562、631、651、653、138、192、198、260、298、215、221、289、321-5、178、180、181、182、186、188、190、29、57、59、59-1、61、63、65、67、69、71、78、87號,雙邊禁止停車,無劃設禁制標線,吉安分隊,,4.3,4.3
215,吉安鄉,南華村,南華七街,3,160,雙行,南華七街1、3、15、16、2、6、10、12號,雙邊禁止停車,無劃設禁制標線,吉安分隊,,3.0,3.0
216,吉安鄉,南華村,華興五街,3,200,雙行,華興五街1-1、2、5、6、7、8、9、11、12、13、15、17、18、19、20、22、27、28、28-1、29、30、31、32、35,雙邊禁止停車,無劃設禁制標線,吉安分隊,,3.0,3.0
217,吉安鄉,南華村,華興五街10巷26弄,3,110,雙行,華興五街10巷26弄1、3、5、7、8、11、13、15號,雙邊禁止停車,無劃設禁制標線,吉安分隊,,3.0,3.0
218,吉安鄉,南華村,華興五街26巷,3,150,雙行,華興五街26巷1、2、2-1、3、5、6、7、8號,雙邊禁止停車,無劃設禁制標線,吉安分隊,,3.0,3.0
219,吉安鄉,干城村,博愛街,6.7,210,雙行,"博愛街11巷1.2.3.5.6.7.8.9.10.11.12.13.15.16.17.18.19.20.21.23.24.25.26.27.28.29.30.31.32.33.35.36.37.38.40號
博愛街22巷1.2.3.5.6.8.10.12.15.16號
博愛街19巷1.2.3.6號",單雙月輪流禁止停車,無劃設禁制標線,吉安分隊,0810新增,6.7,6.7
220,吉安鄉,干城村,干城一街,5.8,1380,雙行,"干城一街45,95,97,117,135,195,197,199,209,211,297,299,311,329,333,335,337,339,369,381號",單雙月輪流禁止停車,無劃設禁制標線,吉安分隊,0810新增,5.8,5.8
221,吉安鄉,干城村,干城二街,7,1500,雙行,"干城二街41,43,45,47,49,51,53,55,57,59,61,63,65,67,69,71,73,75,77,79,81,83,85,87,89,91,93,95,100,119,125,126,128,130,132,134,136,138,140,142,144,146,148,150,152,207,227,237,277,305,312,352,355,356,357,367,395,397,405,407,409,437號",單雙月輪流禁止停車,無劃設禁制標線,吉安分隊,0810新增,7.0,7.0
222,吉安鄉,干城村,干城三街,7,1600,雙行,"干城三街34,35,36,37,38,40號",單雙月輪流禁止停車,無劃設禁制標線,吉安分隊,0810新增,7.0,7.0
223,吉安鄉,南華村,南華一街,4.5,1400,雙行,南華一街7、10、13、166、176、186、189、202、203、206、207、212、245、246、251、266、266-1、269、278、280、298、299、301、315、325、368號,雙邊禁止停車,無劃設禁制標線,吉安分隊,0810新增,4.5,4.5
224,吉安鄉,南華村,南華二街,4.5,600,雙行,南華二街271、275-1、293、291、295、312號,雙邊禁止停車,無劃設禁制標線,吉安分隊,0810新增,4.5,4.5
225,吉安鄉,南華村,南華三街,3.5,110,雙行,南華三街1、3、6、8、8-1、10、12、16、18、20號,雙邊禁止停車,無劃設禁制標線,吉安分隊,0810新增,3.5,3.5
226,吉安鄉,南華村,南華四街,4,1630,雙行,南華四街22、25、25-1、32、35、36、36-1、37、56、59、81、83、121、122、123、127、129、137、135、156、165、167-1、167、176、178、136、146號,雙邊禁止停車,無劃設禁制標線,吉安分隊,0810新增,4.0,4.0
227,吉安鄉,南華村,南華五街,3,960,雙行,南華五街6、1、3、5、11、8、10、15、17、23、37、20-1、20、28、32、36、38、46、66號,雙邊禁止停車,無劃設禁制標線,吉安分隊,0810新增,3.0,3.0
228,吉安鄉,南華村,南華五街42巷,3,230,雙行,南華五街42巷9號,雙邊禁止停車,無劃設禁制標線,吉安分隊,0810新增,3.0,3.0
229,吉安鄉,南華村,南華六街,3,1030,雙行,南華六街1-1、1-2、8、28、31、42、51、75、80、88、90、92、97、99、99-1、101、109、119、121、122、126、127、129-1、129、131、132、136、137、138、140、142、143、145、96、98、100、102、106、108、110、112、118、120號,雙邊禁止停車,無劃設禁制標線,吉安分隊,0810新增,3.0,3.0
230,吉安鄉,南華村,南華七街,3,160,雙行,南華七街1、3、15、16、2、6、10、12號,雙邊禁止停車,無劃設禁制標線,吉安分隊,0810新增,3.0,3.0
231,吉安鄉,南華村,山下路,6.3,3213,雙行,山下路2、6、7、8、8-1、10、10-1、22、26、28、30、32、35、38、40、46、69、80、91、100、131、132、206、206-6、210、215、216、226、228、230、247、250、256、257、258、277、301-1、306、308、316、380-1、515號,單雙月輪流禁止停車,無劃設禁制標線,吉安分隊,0810新增,6.3,6.3
232,吉安鄉,南華村,山下一街,4.1,239,雙行,山下一街1、5-1、5、6、7、9、11、13、15、17、19、29號,雙邊禁止停車,無劃設禁制標線,吉安分隊,0810新增,4.1,4.1
233,吉安鄉,南華村,山下三街,5.1,305,雙行,山下三街22、26-1、26、28、30、36、38、40、41、42、43、46、52、56-1、56號,雙邊禁止停車,無劃設禁制標線,吉安分隊,0810新增,5.1,5.1
234,吉安鄉,南華村,山下四街,5.3,274,雙行,"山下四街12、16號(5.3米)
山下四街19、21、22、23號(6米)",雙邊禁止停車,無劃設禁制標線,吉安分隊,0810新增,5.3,5.3
235,吉安鄉,福興村,福興五街,5.2,1700,雙行,"福興五街550之1,475,477,452之1,456之1,460,442,436,432,430,428,418,416,412,410,408,402,400,398,396,392,390,206,25號",雙邊禁止停車,無劃設禁制標線,吉安分隊,0810新增,5.2,5.2
236,吉安鄉,福興村,福興六街,4.9,1400,雙行,"福興六街491,420,430,432,435,438,449,451,453,456之1,456之2,20,21,38,51,53,115,159,160,161,280,290號",雙邊禁止停車,無劃設禁制標線,吉安分隊,0810新增,4.9,4.9
237,吉安鄉,福興村,福興七街,4.4,1400,雙行,"福興七街316,318,339,456,459,459之1,500,500之1,8,11,209,211號",雙邊禁止停車,無劃設禁制標線,吉安分隊,0810新增,4.4,4.4
238,吉安鄉,福興村,福興八街,4.8,1400,雙行,"福興八街242,320,325,326,336,5,12,16,25,33,35,39,41,75號",雙邊禁止停車,無劃設禁制標線,吉安分隊,0810新增,4.8,4.8
239,吉安鄉,福興村,福昌路一段,5,550,雙行,"福昌路一段1,450之1號",雙邊禁止停車,無劃設禁制標線,吉安分隊,0810新增,5.0,5.0
240,吉安鄉,福興村,山腳一街,5,1600,雙行,"山腳一街66,280,288,380,480號",雙邊禁止停車,無劃設禁制標線,吉安分隊,0810新增,5.0,5.0
241,吉安鄉,福興村,福昌路801巷,5.5,700,雙行,"福昌路801巷12,27號",雙邊禁止停車,無劃設禁制標線,吉安分隊,0810新增,5.5,5.5
242,吉安鄉,稻香村,稻香路121巷,3.6,101,雙行,稻香路121巷20、18、2號,雙邊禁止停車,無劃設禁制標線,吉安分隊,0810新增,3.6,3.6
243,吉安鄉,稻香村,稻香六街,2.7,214,雙行,稻香六街1巷1~16號、稻香六街5巷1~6號,雙邊禁止停車,無劃設禁制標線,吉安分隊,0810新增,2.7,2.7
244,吉安鄉,永興村,國興街,2.8,275,雙行,"國興街17,19,21,23,27,29,100,112號",雙邊禁止停車,無劃設禁制標線,吉安分隊,0810新增,2.8,2.8
245,吉安鄉,永興村,永豐路,4.5,233,雙行,永豐路232、236、238、260、266、286號,雙邊禁止停車,無劃設禁制標線,吉安分隊,0810新增,4.5,4.5
246,吉安鄉,永興村,和興街,3.7,310,雙行,福昌路25號、和興街2、22、23、29、31、33、50、53、55、57、65-1號,雙邊禁止停車,無劃設禁制標線,吉安分隊,0810新增,3.7,3.7
247,吉安鄉,宜昌村,南山六街,6.2,155,雙行,"南山六街1,3,4,5,6,8,10,12,14,18,20,22,24,26,28,30,32,34號",單雙月輪流禁止停車,無劃設禁制標線,吉安分隊,0810新增,6.2,6.2
248,吉安鄉,宜昌村,南山二街52巷,3.6,104,雙行,"南山二街52巷1,2,2-1,2-2,2-3,3,5,6,6-1,8,10,12,12-1,12-2,12-3,14,14-1,14-2,14-3號",雙邊禁止停車,無劃設禁制標線,吉安分隊,0810新增,3.6,3.6
249,吉安鄉,宜昌村,南山二街3巷,3.2,103,雙行,"南山二街3巷7,9,11,13,15號",雙邊禁止停車,無劃設禁制標線,吉安分隊,0810新增,3.2,3.2
250,吉安鄉,吉安村,吉興一街,6.1,1127,雙行,"吉興一街311,313,313-1,315,315-1,318,318-1,319,320號(5.5米)
吉興一街201,203,206,208,210,211,250,252,260,260-1,261,262,262-1,264,276,278,280,282,285,287,288,301,303,305,310號(6.1米)
中興路48,50,60號(6.1米)","　單雙月輪流禁止停車(311,313,313-1,315,315-1,318,318-1,319,320號雙邊禁止停車)",無劃設禁制標線,吉安分隊,0810新增,6.1,6.1
251,吉安鄉,吉安村,"中央路二段172巷
吉興一街309巷
吉興路一段52巷
",4.6,531,雙行,"中央路二段172巷5,6,10,16號(其中10號,16號為5.1米)
吉興一街309巷5,7弄11,26,28號(5.1米)
吉興路一段52巷6,7-1,7,9弄2,13,15號(4.6米)
",　 雙邊禁止停車,無劃設禁制標線,吉安分隊,0810新增,4.6,4.6
252,吉安鄉,吉安村,"吉興一街321巷
吉興路一段40巷",3.8,410,雙行,"吉興一街321巷51,52-1,72,76號
吉興路一段40巷2,2-1,5,6號",雙邊禁止停車,無劃設禁制標線,吉安分隊,0810新增,3.8,3.8
253,吉安鄉,吉安村,吉興三街,5.5,350,雙行,"吉興三街91,91-1,91-2,91-3,91-5,91-7,91-9,91-11,91-13,91-15,91-17,93,95,97,101,102,103,105,107,109,111,113,117,119,121,123號",單雙月輪流禁止停車,無劃設禁制標線,吉安分隊,0810新增,5.5,5.5
254,吉安鄉,吉安村,吉昌三街,4.8,2317,雙行,"吉昌三街1,2,2-1,3,5,6,7,8,8-1,8-2,9,10,11,12,13,15,17,19,21,23,27,29,31,33,35,37,39,41,43,45,47,49,51,53,55,57,59,61,63,65,67,79,81,83,85,87,89,91,93,95,97,99,101,103,105,107,109,111,113,115,117,119,121,123,125號(6.8米)
吉昌三街135號(4.9米)
吉昌三街200,201,202,210,223,22","雙邊禁止停車
(吉昌三街1,2,2-1,3,5,6,7,8,8-1,8-2,9,10,11,12,13,15,17,19,21,23,27,29,31,33,35,37,39,41,43,45,47,49,51,53,55,57,59,61,63,65,67,79,81,83,85,87,89,91,93,95,97,99,101,103,105,107,109,111,113,115,117,119,121,123,125號
吉昌三街261,263,265,268-1,268-2,268-3,268-4",無劃設禁制標線,吉安分隊,0810新增,4.8,4.8
255,吉安鄉,吉安村,吉昌二街,4.2,1723,雙行,"吉昌二街23號(6.1米)
吉昌二街50,51,52,53,59,139,147,150,152,168,171,181,186,188,190,192,195,196,197,198,199,200,201,202,203,204,205,206,208,209,210,211,212,213,214,215,216,218,219,221,222,223,226,227,228,230,231,232,232-1,232-2,232-3,233,235,238,239,240,241,242,243,",雙邊禁止停車,無劃設禁制標線,吉安分隊,0810新增,4.2,4.2
256,吉安鄉,吉安村,"吉安路二段124巷
吉興三街99巷",6.8,270,雙行,"吉安路二段124巷3,5,6,7,8,9,11,12,13,14,15,16,17,19,21,23號
吉興三街99巷2,5,6,6-1,7,8,9,10,11,13,15,17,19號",雙邊禁止停車,無劃設禁制標線,吉安分隊,0810新增,6.8,6.8
257,吉安鄉,吉安村,中興路,6,1342,雙行,"中興路365,390,532號",單雙月輪流禁止停車,無劃設禁制標線,吉安分隊,0810新增,6.0,6.0
258,吉安鄉,吉安村,吉昌一街,6,957,雙行,吉昌一街350-1號,單雙月輪流禁止停車,無劃設禁制標線,吉安分隊,0810新增,6.0,6.0
259,吉安鄉,吉安村,吉昌一街256巷,5,117,雙行,"吉昌一街256巷2,4,6,8,10,12,14,16,18,20,22,24,26,28,30,32,34,36,38,40,42,44號",雙邊禁止停車,無劃設禁制標線,吉安分隊,0810新增,5.0,5.0
260,吉安鄉,吉安村,吉昌一街258巷,5.4,112,雙行,"吉昌一街258巷2,2-1,6,8,10,12,14,16,18,20,21,22,23,24,25,26,27,28,29,30,31,32,33,34,35,36,37,38,40號",雙邊禁止停車,無劃設禁制標線,吉安分隊,0810新增,5.4,5.4
261,吉安鄉,吉安村,吉安路二段77巷,4.9,160,雙行,"吉安路二段77巷41,43號",雙邊禁止停車,無劃設禁制標線,吉安分隊,0810新增,4.9,4.9
262,吉安鄉,吉安村,中山路三段99巷,4.8,650,雙行,"　 中山路三段1,3,5,9,10,11,13,15,16,17,18,19,19-1,19-2,19-3,21,22,23,27,27-3,27-5,29,36,51-1,63,63-1,108,110號",雙邊禁止停車,無劃設禁制標線,吉安分隊,0810新增,4.8,4.8
263,吉安鄉,慶豐村,"慶北十二街151巷
慶北十二街150巷
慶豐十一街145巷",5.3,278,雙行,"慶北12街151巷單號側：1.3.5.9.11.13.13-1.13-2.13-3.19.21.25.27.37.39號
慶北12街151巷雙號側：2.4..6.8.10.12.18.20.22.30.36.38號
慶豐十二街150巷單號側：1.3號 雙號側：2.4.4-1號
慶豐十一街145巷單號側：3.5.7.7-1.9.11.17.19號
",雙邊禁止停車,無劃設禁制標線,吉安分隊,0810新增,5.3,5.3
264,吉安鄉,慶豐村,慶北一街,5.4,1085,雙行,"慶北一街87,89,90,92,95,96,97,98,99,100,101,102,103,104,105,106,107,108,109,110,111,112,113,114,115,116,117,118,119,120,121,122,123,125,126,127,128,129,130,131,132,133,135,136,137,138,139,140,142,146,148,150,152,156,156-1,156-2,156-3,156-5,156-6,159,159-1,159-",雙邊禁止停車,無劃設禁制標線,吉安分隊,0810新增,5.4,5.4
265,吉安鄉,慶豐村,慶南二街(吉安路二段到慶豐十三街段),5.2,541,雙行,"其中313-343號(慶豐十街口到慶豐十一街口)為7米
188.190.194.196.198.200.202.204.206.208.238.246.248.250.262.268.270
279.281.283.285.287.289.291.293.295.297.301.303.305.307.309.311.313.315.317.321.323.325.327.331.337.339.341.343
","雙邊禁止停車；
313-343號(慶豐十街口到慶豐十一街口)單雙月輪流禁止停車",無劃設禁制標線,吉安分隊,0810新增,5.2,5.2
266,吉安鄉,慶豐村,慶南一街(慶豐四街至慶豐八街),7,360,雙行,慶南一街124.171.169.167.165.161.159.157.141.147.145.141.139.137.135.133.131.129.139.126.143.128.140.138.136.134.132.130.128.126.136.2.121.119.117.115.137.138.124.120.118.114.112.139.113.111.109.105.103.101.99.97.95.93.91.89.123.110.108.106.104.102.100.98.96.9,單雙月輪流禁止停車,無劃設禁制標線,吉安分隊,0810新增,7.0,7.0
267,吉安鄉,永安村,明仁三街,4.3,1000,雙行,明仁三街60、45、25-1、27、29、31-1、11、8、251、253、266、264、262、260、258、256、254、252、250、248、244、242、240、238、236、234、232、226、224、222、220、218、216、212、210、208、206、280、286、302、616、457-1、801、809、812、827、835、843、851、840、842、850、858、856、860、862號,雙邊禁止停車,無劃設禁制標線,吉安分隊,0810新增,4.3,4.3
268,吉安鄉,永安村,明仁二街,4,1000,雙行,明仁二街182、、182-1、182-2、182-3、182-5、178、178-1、178-2、112、108、106、102、92、85、82-2、82-1、66、58、56、55、38、30、19、18、15、12,雙邊禁止停車,無劃設禁制標線,吉安分隊,0810新增,4.0,4.0
269,吉安鄉,太昌村,太昌路428巷,2.6,125,雙行,"太昌路428巷1，1-1，2，3，5，6，6-1，9，9-1，10，11，
13，15，20，22號",雙邊禁止停車,無劃設禁制標線,吉安分隊,0810新增,2.6,2.6
270,吉安鄉,北昌村,北昌一街,5.4,280,雙行,35號~97號,雙邊禁止停車,已劃設禁制標線,自強分隊,0810新增,5.4,5.4
271,吉安鄉,永安村,建國路二段2巷,4.6,161,雙行,建國路二段2巷,雙邊禁止停車,無劃設禁制標線,自強分隊,0810新增,4.6,4.6
272,吉安鄉,北昌村,自立二街2巷(1~43號),3.8,350,雙行,其中有住家之道路路寬6.9米,雙邊禁止停車,已劃設禁制標線,自強分隊,0810新增,3.8,3.8
273,壽豐鄉,志學村,大學路二段63巷,5.4,550,單行,大學路二段63巷,雙邊禁止停車,已劃設禁制標線,壽豐分隊,,5.4,5.4
274,壽豐鄉,豐山村,豐山街,3.5,250,單行,豐山街所有路段,雙邊禁止停車,已劃設禁制標線,壽豐分隊,,3.5,3.5
275,壽豐鄉,光榮村,光榮二街,4,450,單行,光榮二街3號至39號,雙邊禁止停車,已劃設禁制標線,壽豐分隊,,4.0,4.0
276,壽豐鄉,溪口村,溪口二街,3.5,450,單行,溪口二街7號至溪口二街101號,雙邊禁止停車,已劃設禁制標線,壽豐分隊,,3.5,3.5
277,壽豐鄉,豐山村,豐山街88巷,4、2.5,200,單行,豐山街88巷,雙邊禁止停車,已劃設禁制標線,壽豐分隊,,,
278,壽豐鄉,志學村,中正路52巷,3.5、2.2,200,單行,中正路52巷,雙邊禁止停車,無劃設禁制標線,壽豐分隊,,,
279,壽豐鄉,志學村,中正路132巷,4,350,單行,中正路132巷,雙邊禁止停車,無劃設禁制標線,壽豐分隊,,4.0,4.0
280,壽豐鄉,水璉村,(水璉村)水璉一街,4.8,100,雙行,"水璉一街
5、6、9~13、19~28、30~37、40~48、56、64、66號",雙邊禁止停車,已劃設禁制標線,水璉分隊,,4.8,4.8
281,壽豐鄉,水璉村,(水璉村)水璉二街,4.8,50,雙行,水璉二街2、20號,雙邊禁止停車,已劃設禁制標線,水璉分隊,,4.8,4.8
282,鳳林鎮,大榮里,中和路19巷,2.3,115,雙行,中和路19巷2號、5號、7號、10號、11號、14號、18號、20號、26號、28號,雙邊禁止停車,已劃設禁制標線,鳳林分隊,,2.3,2.3
283,鳳林鎮,鳳仁里,中和路154巷,4.5,145,雙行,中和路154巷1號~33號,雙邊禁止停車,已劃設禁制標線,鳳林分隊,,4.5,4.5
284,鳳林鎮,鳳智里、鳳禮里,成功街(中山路至和平街),4.5,345,雙行,成功街58~80號、131號~231號,雙邊禁止停車,已劃設禁制標線,鳳林分隊,,4.5,4.5
285,鳳林鎮,鳳信里,民權路45巷,6,110,雙行,民權路45巷23號~29號,單雙月輪流禁止停車,已劃設禁制標線,鳳林分隊,,6.0,6.0
286,鳳林鎮,鳳信里,中正路一段120巷,4,515,雙行,中正路一段120巷11~77號,雙邊禁止停車,已劃設禁制標線,鳳林分隊,,4.0,4.0
287,鳳林鎮,森榮里,"森榮里林森路單號21-97號,雙號6-48號",3.4,270,雙行,"森榮里林森路單號21-97,雙號6-32已劃設禁制標線,雙號34-50未劃設禁制標線",雙邊禁止停車,已劃設禁制標線,萬榮分隊,,3.4,3.4
288,鳳林鎮,長橋里,長泰路1-9號,3.7,207,雙行,長橋里長泰路1-9號,雙邊禁止停車,已劃設禁制標線,萬榮分隊,,3.7,3.7
289,鳳林鎮,大榮里,鳳林鎮民享路(光華路至信義路段),4.3,100,雙行,大進東街10巷17~24巷,雙邊禁止停車,已劃設禁制標線,鳳林分隊,,4.3,4.3
290,鳳林鎮,大榮里,大智路,3.7,177,雙行,大智路1~32號,雙邊禁止停車,已劃設禁制標線,鳳林分隊,0709修正,3.7,3.7
291,鳳林鎮,大榮里,大忠路,6,530,雙行,大忠路17-1號~39號,單雙月輪流禁止停車,已劃設禁制標線,鳳林分隊,0804修正,6.0,6.0
292,鳳林鎮,長橋里,長安路,1.25,205,雙行,長橋里長安路3-34號,雙邊禁止停車,已劃設禁制標線,萬榮分隊,,1.25,1.25
293,萬榮鄉,明利村,大加汗部落,3.2-4,200,雙行,大加汗部落,雙邊禁止停車,已劃設禁制標線,萬榮分隊,,3.2,4.0
294,萬榮鄉,明利村,馬太鞍部落,3.2,200,雙行,大加汗部落,雙邊禁止停車,已劃設禁制標線,萬榮分隊,,3.2,3.2
295,萬榮鄉,萬榮村,萬榮133至171-1號,4.5,208,雙行,萬榮村萬榮133至171-1號,雙邊禁止停車,已劃設禁制標線,萬榮分隊,,4.5,4.5
296,萬榮鄉,萬榮村,萬榮10-3至76號,4.5,328,雙行,萬榮村萬榮10-3至76號,雙邊禁止停車,已劃設禁制標線,萬榮分隊,,4.5,4.5
297,萬榮鄉,萬榮村,萬榮126至10-2號,4.3,444,雙行,萬榮村萬榮126至10-2號,雙邊禁止停車,已劃設禁制標線,萬榮分隊,,4.3,4.3
298,萬榮鄉,萬榮村,萬榮19至 69號,4.5,219,雙行,萬榮村萬榮19至 69號,雙邊禁止停車,已劃設禁制標線,萬榮分隊,,4.5,4.5
299,萬榮鄉,明利村,明利村1-2鄰,3.5,210,雙行,明利村1-2鄰,雙邊禁止停車,已劃設禁制標線,萬榮分隊,,3.5,3.5
300,萬榮鄉,紅葉村,紅葉5鄰84號,3,50,單行,紅葉83號至90號,禁止停車,無劃設禁制標線,瑞穗分隊,,3.0,3.0
301,萬榮鄉,馬遠村,馬遠3,5.8,210,雙行,馬遠25至69-2號,單雙月輪流禁止停車,已劃設禁制標線,富源分隊,,5.8,5.8
302,萬榮鄉,馬遠村,馬遠1,5.8,371,雙行,馬遠5-80號 ,單雙月輪流禁止停車,已劃設禁制標線,富源分隊,,5.8,5.8
303,萬榮鄉,馬遠村,馬遠2,5,370,雙行,馬遠3~3至62-8號,雙邊禁止停車,已劃設禁制標線,富源分隊,,5.0,5.0
304,光復鄉,大安村,中正路一段114巷,3.4,106,雙行,中正路一段114巷1~2號,雙邊禁止停車,已劃設禁制標線,光復分隊,,3.4,3.4
305,光復鄉,北富村,光豐路83巷1~12號,3.8,230,雙行,光豐路83巷1~12號,雙邊禁止停車,已劃設禁制標線,光復分隊,,3.8,3.8
306,光復鄉,大同村,中正路一段243巷1~11號,2.6,96,雙行,中正路一段243巷1~11號,雙邊禁止停車,已劃設禁制標線,光復分隊,,2.6,2.6
307,光復鄉,大同村,敦厚路135巷28弄,5.1,90,雙行,敦厚路135巷28弄1~10號,雙邊禁止停車,已劃設禁制標線,光復分隊,,5.1,5.1
308,光復鄉,大同村,佛祖街46巷1~5號,3.8,230,雙行,佛祖街46巷1~5號,雙邊禁止停車,已劃設禁制標線,光復分隊,,3.8,3.8
309,光復鄉,大全村,大華街32巷1~21號,2.7,130,雙行,大華街32巷1~21號,雙邊禁止停車,已劃設禁制標線,光復分隊,,2.7,2.7
310,光復鄉,大全村,大華街54巷1~15號,3.7,200,雙行,大華街54巷1~15號,雙邊禁止停車,已劃設禁制標線,光復分隊,,3.7,3.7
311,光復鄉,大全村,中山路一段82巷1弄1~12號,3.3,330,雙行,中山路一段82巷1弄1~12號,雙邊禁止停車,已劃設禁制標線,光復分隊,,3.3,3.3
312,光復鄉,大同村,中正路一段360巷1~34號,4.2,134,雙行,中正路一段360巷1~34號,雙邊禁止停車,已劃設禁制標線,光復分隊,,4.2,4.2
313,光復鄉,大興村,民族街26巷,3.7,165,雙行,民族街26巷1~3號,雙邊禁止停車,已劃設禁制標線,光復分隊,,3.7,3.7
314,光復鄉,大同村,武昌街143巷,2.3,121,雙行,武昌街143巷,雙邊禁止停車,已劃設禁制標線,光復分隊,,2.3,2.3
315,光復鄉,大平村,武昌街74巷,3.02,115,雙行,武昌街74巷,雙邊禁止停車,已劃設禁制標線,光復分隊,,3.02,3.02
316,光復鄉,大富村,明德路71巷,3.6,211,雙行,明德路71巷69至18號,雙邊禁止停車,已劃設禁制標線,富源分隊,,3.6,3.6
317,瑞穗鄉,富源村,廣東六街,4.6,220,雙行,廣東六街全段畫設,雙邊禁止停車,已劃設禁制標線,富源分隊,,4.6,4.6
318,瑞穗鄉,瑞祥村,溫泉路三段132巷12號,3.3,152,雙行,溫泉路三段132巷8號、10號~34號,雙邊禁止停車,已劃設禁制標線,瑞穗分隊,,3.3,3.3
319,瑞穗鄉,瑞美村,中正南路三玄宮,4.2,116,單行,中正南路一段108巷3號、7之1至3號,雙邊禁止停車,已劃設禁制標線,瑞穗分隊,,4.2,4.2
320,瑞穗鄉,瑞穗村,國光北路217巷89號,2.7,208,單行,國光北路217巷1號、7號、10號、12號、79號、國光北路305號、317號,雙邊禁止停車,已劃設禁制標線,瑞穗分隊,,2.7,2.7
321,瑞穗鄉,瑞北村,瑞北村7鄰165號,5.5,211.7,單行,瑞北150號至175號,單雙月輪流禁止停車,已劃設禁制標線,瑞穗分隊,,5.5,5.5
322,瑞穗鄉,自強新村,自強新村74號,5.5,350,單行,自強新村1號至88號,單雙月輪流禁止停車,已劃設禁制標線,瑞穗分隊,1101018,5.5,5.5
323,瑞穗鄉,瑞祥村,溫泉路194巷13號,4.5,233,單行,溫泉路三段194巷1號至13號及27號,雙邊禁止停車,已劃設禁制標線,瑞穗分隊,1101018,4.5,4.5
324,瑞穗鄉,瑞穗村,國光北路200巷,3.5,326,單行,國光北路200巷所有住戶,雙邊禁止停車,已劃設禁制標線,瑞穗分隊,1101018,3.5,3.5
325,瑞穗鄉,瑞美村,瑞達路一段10號,5.5,400,雙行,瑞達路一段1號至10號,單雙月輪流禁止停車,已劃設禁制標線,瑞穗分隊,1101018,5.5,5.5
326,瑞穗鄉,瑞穗村,富貴路31巷49號,5.8,160,單行,富貴路31巷5號至68號,單雙月輪流禁止停車,已劃設禁制標線,瑞穗分隊,1101018,5.8,5.8
327,萬榮鄉,紅葉村,紅葉4鄰63之4號,4.6,82,單行,紅葉62之4號至65號,雙邊禁止停車,無劃設禁制標線,瑞穗分隊,,4.6,4.6
328,瑞穗鄉,富源村,廣東二街,4.1,415,雙行,廣東二街36~36-2雙邊禁止停車76至182-1號單雙月輪流禁止停車,雙邊禁止停車,已劃設禁制標線,富源分隊,1101018,4.1,4.1
329,瑞穗鄉,富源村,廣東四街,4.6,320,雙行,廣東四街全段畫設,雙邊禁止停車,已劃設禁制標線,富源分隊,1101018,4.6,4.6
330,瑞穗鄉,富興村,源興路52巷,4.1,430,雙行,源興路52巷全段畫設,雙邊禁止停車,已劃設禁制標線,富源分隊,1101018,4.1,4.1
331,瑞穗鄉,富民村,民一街,4.4,218,雙行,民一街223至195-2號,雙邊禁止停車,已劃設禁制標線,富源分隊,,4.4,4.4
332,瑞穗鄉,富民村,民二街,2.9,350,雙行,民二街214至192-1號,雙邊禁止停車,已劃設禁制標線,富源分隊,,2.9,2.9
333,瑞穗鄉,富民村,民四街,4.2,237,雙行,民四街91-3至99-1號,雙邊禁止停車,已劃設禁制標線,富源分隊,1101018,4.2,4.2
334,瑞穗鄉,富源村,廣東一街,5.3,408,雙行,廣東一街84-50號雙邊禁止停車其餘單雙月輪流禁止停車,雙邊禁止停車、單雙月輪流禁止停車,已劃設禁制標線,富源分隊,1101018,5.3,5.3
335,豐濱鄉,豐濱村,永豐村1鄰16至50號,4.4,約250,雙行,永豐16-50號,雙邊禁止停車,已劃設禁制標線,豐濱分隊,,4.4,4.4
336,豐濱鄉,豐濱村,豐濱村4鄰民權街3-29號,6.7,約150,雙行,民權街3-29號,單雙月輪流禁止停車,已劃設禁制標線,豐濱分隊,,6.7,6.7
337,豐濱鄉,豐濱村,磯崎高山1鄰2-38號,3.8,約360,雙行,高山2-38號,雙邊禁止停車,已劃設禁制標線,豐濱分隊,,3.8,3.8
338,豐濱鄉,豐濱村,新社村新社3鄰1至40號,4.7轉3.9,約220,雙行,新社1至40號(4.7轉3.9),雙邊禁止停車,已劃設禁制標線,豐濱分隊,,,
339,豐濱鄉,豐濱村,新社村新社14鄰46至62號,4.3,約190,雙行,新社46至62號,雙邊禁止停車,已劃設禁制標線,豐濱分隊,,4.3,4.3
340,豐濱鄉,豐濱村,八里灣14鄰10至24號,3.9,約240,雙行,八里灣10至24號,雙邊禁止停車,已劃設禁制標線,豐濱分隊,,3.9,3.9
341,豐濱鄉,豐濱村,民族街27巷01-21號,4.5,約200,雙行,民族街27巷01-21號,雙邊禁止停車,已劃設禁制標線,豐濱分隊,,4.5,4.5
342,豐濱鄉,豐濱村,民生街01-25號,6.1,約220,雙行,民生街01-25號,單雙月輪流禁止停車,已劃設禁制標線,豐濱分隊,,6.1,6.1
343,玉里鎮,永昌里,台鳳街,4.2,550,雙行,3-2號及3-6號,雙邊禁止停車,無劃設禁制標線,玉里分隊,,4.2,4.2
344,玉里鎮,永昌里,文昌街,6.4,250,雙行,文昌街6~28號、莊敬路24巷3~7號,單雙月輪流禁止停車,無劃設禁制標線,玉里分隊,,6.4,6.4
345,玉里鎮,大禹里,大禹社區,6.5,500,雙行,大禹派出所往社區(過鐵軌之後),單雙月輪流禁止停車,無劃設禁制標線,玉里分隊,,6.5,6.5
346,玉里鎮,源城里,水源路,5,500,雙行,水源78號至水源112號,雙邊禁止停車,已劃設禁制標線,玉里分隊,,5.0,5.0
347,玉里鎮,源城里,水源路,5,500,雙行,水源137號至水源156號、93-2、95、96、97號,雙邊禁止停車,已劃設禁制標線,玉里分隊,,5.0,5.0
348,玉里鎮,永昌里,新生街,3.2,250,雙行,新生街1~52號,雙邊禁止停車,已劃設禁制標線,玉里分隊,,3.2,3.2
349,玉里鎮,中城里,康樂街,4,300,雙行,康樂街2~29號,雙邊禁止停車,已劃設禁制標線,玉里分隊,,4.0,4.0
350,玉里鎮,東豐里,棣芬5鄰18號,3.6,238,雙行,棣芬10、15、17、18、19、20、21、28-1,雙邊禁止停車,已劃設禁制標線,觀音分隊,,3.6,3.6
351,玉里鎮,松浦里,宮前5鄰74號,3.6,221,雙行,松浦87、86、83、82、79、78、76、74,雙邊禁止停車,已劃設禁制標線,觀音分隊,,3.6,3.6
352,玉里鎮,東豐里,石崗2鄰19號,4.6,206,雙行,石岡22、20、19,雙邊禁止停車,已劃設禁制標線,觀音分隊,,4.6,4.6
353,玉里鎮,春日里,泰林1鄰8-2號,5.3,202,雙行,泰林1.2.3.4.5.6.7.8.9.10.11,雙邊禁止停車,無劃設禁制標線,觀音分隊,,5.3,5.3
354,玉里鎮,松浦里,松浦186號前道路,2.7,162,雙行,松浦里松浦187、186、199、204、203,雙邊禁止停車,無劃設禁制標線,觀音分隊,,2.7,2.7
355,玉里鎮,松浦里,松浦186號前道路,2.7,162,雙行,松浦里松浦187、186、199、204、203,雙邊禁止停車,無劃設禁制標線,觀音分隊,,2.7,2.7
356,玉里鎮,松浦里,萬麗橋下兩側道路(松浦端),3.1,108,雙行,"萬麗橋下兩側邊道路
松浦184、187、200、201、213、216",雙邊禁止停車,無劃設禁制標線,觀音分隊,,3.1,3.1
357,玉里鎮,松浦里,萬麗橋下兩側道路(萬麗端),3.1,104,雙行,"萬麗橋下兩側邊道路
萬麗27.26.25.24.23.18.17-1、10-1.10.9",雙邊禁止停車,無劃設禁制標線,觀音分隊,,3.1,3.1
358,玉里鎮,松浦里,萬麗114號前道路,3.5,203,雙行,萬麗115.114.113.112.111.104.103.100.98.97-2,雙邊禁止停車,無劃設禁制標線,觀音分隊,,3.5,3.5
359,玉里鎮,德武里,能雅35號前道路,4.1,307,雙行,能雅32.33.34.35.37.38.40.41.43.44.49.56.57.58.59,雙邊禁止停車,無劃設禁制標線,觀音分隊,,4.1,4.1
360,卓溪鄉,太平村,太平村5號前道路,4,390,單行,太平10至28之1號,雙邊禁止停車,已劃設禁制標線,三民分隊,,4.0,4.0
361,卓溪鄉,立山村,立山村6鄰(56號2樓),4.5,65,單行,"立山52、立山52-2、立山54、立山55、立山74、
立山74-1號",雙邊禁止停車,已劃設禁制標線,三民分隊,,4.5,4.5
362,富里鄉,萬寧村,富里鄉朝寧137到149號,3.4,50,雙行,"萬寧村朝寧
137、139、141、143、147、147-1、149號",雙邊禁止停車,已劃設禁制標線,東里分隊,,3.4,3.4
363,卓溪鄉,立山村,立山村4鄰,4.2,170,單行,"立山32-1、立山32、立山33、立山34、立山35-1、
立山38、立山39號",雙邊禁止停車,已劃設禁制標線,三民分隊,,4.2,4.2
364,卓溪鄉,立山村,立山村8鄰,3,200,單行,立山76-1至立山87號,雙邊禁止停車,已劃設禁制標線,三民分隊,,3.0,3.0
365,卓溪鄉,立山村,山里11鄰,3.5,240,單行,"山里4-1、山里4-2、山里4-3、山里5、山里5-1、
山里6、山里7、山里7-1、山里7-2、山里22-1、
山里26-1號",雙邊禁止停車,已劃設禁制標線,三民分隊,,3.5,3.5
366,卓溪鄉,崙山村,崙山4鄰36-2號前道路,4,180,單行,崙山20、崙山30、崙山30-1、崙山36-2號,雙邊禁止停車,已劃設禁制標線,三民分隊,,4.0,4.0
367,卓溪鄉,太平村,中興12~14鄰,4,600,單行,中興12鄰、13鄰、14鄰,雙邊禁止停車,已劃設禁制標線,三民分隊,,4.0,4.0
368,卓溪鄉,太平村,"太平57-1~78號中間道路
(花67縣道)",5,190,單行,"太平65、太平67之1、太平71、太平78、太平80之1、
太平81、太平81之1號",雙邊禁止停車,已劃設禁制標線,三民分隊,,5.0,5.0
369,卓溪鄉,太平村,太平中興9-3號與7-1號中間道路,3.8,60,單行,中興9-2、中興21、中興9號,雙邊禁止停車,已劃設禁制標線,三民分隊,,3.8,3.8
370,卓溪鄉,崙山村,崙山77號與活動中心中間道路,4.7,300,單行,"崙山9、崙山11-1、崙山77~89號、崙山103、崙山112、
崙山106、崙山113號",雙邊禁止停車,已劃設禁制標線,三民分隊,,4.7,4.7
371,卓溪鄉,崙山村,崙山65號與58號中間道路,4.3,220,單行,"崙山58、崙山58-3、崙山59、崙山59-2、崙山63、
崙山65、崙山73、崙山75-1、崙山91-1、崙山114、
崙山114-1號",雙邊禁止停車,已劃設禁制標線,三民分隊,,4.3,4.3
372,卓溪鄉,崙山村,崙山14號與13-3號中間道路,3.8,75,單行,崙山14、崙山14-1、崙山15、崙山13-2、崙山13-3號,雙邊禁止停車,已劃設禁制標線,三民分隊,,3.8,3.8
373,卓溪鄉,立山村,山里32-1號與93號中間道路,3.5,125,單行,"山里33-2、山里33、山里43、山里64、山里66-2、
山里88-1、山里90、山里92、山里93號",雙邊禁止停車,已劃設禁制標線,三民分隊,,3.5,3.5
374,卓溪鄉,太平村,中興12-1與11號中間道路,4.7,110,單行,"中興9-3、中興10-2、中興11、中興12、中興13、
中興16、中興20-1、中興20-2號",雙邊禁止停車,已劃設禁制標線,三民分隊,1101018,4.7,4.7
375,卓溪鄉,卓溪村,卓溪上部落卓溪路,4,250,雙行,卓溪42-1號至72號,雙邊禁止停車,已劃設禁制標線,玉里分隊,1101018,4.0,4.0
376,卓溪鄉,卓溪村,卓溪下部落卓溪路,4,250,雙行,卓溪9號至41號,雙邊禁止停車,已劃設禁制標線,玉里分隊,1101018,4.0,4.0
377,卓溪鄉,卓溪村,中正部落中正,4.5,600,雙行,中正1號至48-1號,雙邊禁止停車,已劃設禁制標線,玉里分隊,1101018,4.5,4.5
378,卓溪鄉,卓清村,卓樂部落道路,4.5,900,雙行,卓樂13號至100號,雙邊禁止停車,已劃設禁制標線,玉里分隊,1101018,4.5,4.5
379,富里鄉,萬寧村,富里鄉鎮寧61號,4.7,50,雙行,"萬寧村鎮寧
61、61-1、61-2、87、89、91號",雙邊禁止停車,已劃設禁制標線,東里分隊,,4.7,4.7
380,富里鄉,萬寧村,富里鄉萬寧部落,5,50,雙行,"萬寧村萬寧
29、29-1、30、21、81號",雙邊禁止停車,已劃設禁制標線,東里分隊,,5.0,5.0
381,富里鄉,富里村,永安街4～10號(原永安街1-10號),3,100,雙行,"永安街4,6,7,9,8,10,51號",雙邊禁止停車,已劃設禁制標線,富里分隊,,3.0,3.0
382,富里鄉,明里村,明里3號-明里國小16號,3.6,400,雙行,"明里3,11號",雙邊禁止停車,無劃設禁制標線,富里分隊,,3.6,3.6
383,富里鄉,明里村,明里13號-35號,3.6,450,雙行,"明里13,13-1,15,15-1,20,20-1,21,21-1,23,24,24-1,24-2,25,26,27,28,28-1,28-2,28-3,29,30,33,35,35-1",雙邊禁止停車,無劃設禁制標線,富里分隊,,3.6,3.6
384,富里鄉,明里村,明里52-68號,3.8,190,雙行,"明里52,55,58,58-1,59,60,67,67-1,67-2,68",雙邊禁止停車,無劃設禁制標線,富里分隊,,3.8,3.8
385,富里鄉,明里村,明里48-82-4號,4.1,400,雙行,"明里48,53,40,41,41-1,44,47-2,47,61,80-1,80-2,65-1,66,79,72,72-1,73,74,74-1,75,75-1,75-2,79,84-1,84-2,84-3,83-5,82-4",雙邊禁止停車,無劃設禁制標線,富里分隊,,4.1,4.1
386,富里鄉,明里村,明里83-土地公86-5號,5.5,300,雙行,"明里83,85-3,85-4,85-5,85,86-1,86-3,86-5號",單雙月輪流禁止停車,無劃設禁制標線,富里分隊,,5.5,5.5
387,卓溪鄉,古風村,石平14號-11號,3.8,100,雙行,"石平14,13,22,18,12-2,11號",雙邊禁止停車,已劃設禁制標線,富里分隊,1101018,3.8,3.8
388,富里鄉,學田村,光明路27-67號,5.2,210,雙行,"光明路27,6,8-1,8,10,38,41,38,40,42,44,46,59,61,63,63-1,65,67號",雙邊禁止停車,無劃設禁制標線,富里分隊,,5.2,5.2
389,富里鄉,學田村,文化路12-20號,2.5,200,雙行,"文化路12,4,13,14,14-1,6,7,8,15,16,16-2,10,18,20號",雙邊禁止停車,無劃設禁制標線,富里分隊,,2.5,2.5
390,富里鄉,學田村,復興路4-6號,3.6,200,雙行,"復興路6,4-1,4號",雙邊禁止停車,無劃設禁制標線,富里分隊,,3.6,3.6
391,富里鄉,竹田村,源和14-65-1號,4.7,500,雙行,"源和14,45-1,46-2,46-3,46,47,47-3,48,49,49-1,31-1,55,58,59,58-1,52-2,52-1,40-2,40,40-3,44,44-1,44-2,66,63,62,61-1,65,65-1號",雙邊禁止停車,無劃設禁制標線,富里分隊,,4.7,4.7
392,富里鄉,竹田村,源和3-29號,4.7,220,雙行,"源和3,22,20-2,20,21,25,25-1,25-2,24-1,24-2,29-3,29-1,29",雙邊禁止停車,無劃設禁制標線,富里分隊,,4.7,4.7
393,富里鄉,富里村,永安街124～50號,5.5,400,雙行,"永安街124,122,120,118,116,114,112-1,112,110-1,110,108,106-1,119,117-1,121,117,115,113,111,109,107,105,103,101,106-1,106-8,106-7,106-6,106-3,106-2,106,104,102,100,98,96,94,97-2,95,93,78,76,74-1,74,72,70,68,66,50-2,50,50-1,52號",單雙月輪流禁止停車,無劃設禁制標線,富里分隊,,5.5,5.5
394,富里鄉,富里村,車站街68～88,4,200,雙行,"車站街68,70,72,74,80,82,84,86,84-1,88號",雙邊禁止停車,無劃設禁制標線,富里分隊,,4.0,4.0
395,富里鄉,富里村,和平街45～69-1,3,200,雙行,"和平街45,56,47,43,62,69,69-1號",雙邊禁止停車,無劃設禁制標線,富里分隊,,3.0,3.0
396,富里鄉,富里村,和平街1～14號,2.7,250,雙行,"和平街1,3,5,5-1,7,9,14,2,2-1號",雙邊禁止停車,無劃設禁制標線,富里分隊,,2.7,2.7
397,富里鄉,富里村,中山路58～94號,5.5,120,雙行,"中山路58,60,62,64,68,70,72,74,76,78,80,82,84,86,88,92,94號",單雙月輪流禁止停車,無劃設禁制標線,富里分隊,,5.5,5.5
398,富里鄉,富里村,永安街180～188號,4,150,雙行,"永安街180,184,188,189,191,187,174,176號",雙邊禁止停車,無劃設禁制標線,富里分隊,,4.0,4.0
399,富里鄉,豐南村,永豐81～84號,3.5,220,雙行,"永豐81,84,84-1號",雙邊禁止停車,無劃設禁制標線,富里分隊,,3.5,3.5
400,富里鄉,豐南村,新富5～25號,3.7,800,雙行,"新富5,6,7,5-3,5-1,5-2,8-1,8-2,8-3,9,49,4845-1,43-2,44-1,43-1,43,10,10-4,10-2,11,12,42,41-2,41-1,41,12-2,40-2,40-1,40,38,12-5,13,13-1,13-2,15,36,36-1,15-3,15-1,16-1,35,35-1,32-1,32,33,17-1,17,18,18-1,19,20,21,21-3,31-1,31,30,29-1,30-1,29,29-3,22,22-2,22-1,23",雙邊禁止停車,無劃設禁制標線,富里分隊,,3.7,3.7
401,富里鄉,豐南村,新富47～65-2號,3.7,340,雙行,"新富47,50,56,55,55-1,58,57-1,57,65,62,65-2號",雙邊禁止停車,無劃設禁制標線,富里分隊,,3.7,3.7
402,富里鄉,豐南村,四維26～29-1號,3.7,150,雙行,"四維26,27-1,29-2,29-3,28-3,29-5,29-4,29-1號",雙邊禁止停車,無劃設禁制標線,富里分隊,,3.7,3.7
403,富里鄉,豐南村,永豐86～93-4號,5.5,570,雙行,"永豐86,86-1,87,88,89,90-3,90,93-4,93-3,93-2,94,96,102,102-1,97-1,97號",單雙月輪流禁止停車,無劃設禁制標線,富里分隊,,5.5,5.5
404,富里鄉,石牌村,中興路156巷,5.5,380,雙行,"中興路156巷2,4,6,8,12,14,16,18,22,54,61,63,67,81號",單雙月輪流禁止停車,無劃設禁制標線,富里分隊,,5.5,5.5
405,富里鄉,石牌村,中興路210巷,4.9,110,雙行,"中興路210巷2,4,6,8號富風路30,32,36,38,40,42,46,48,56號",雙邊禁止停車,無劃設禁制標線,富里分隊,,4.9,4.9
406,富里鄉,石牌村,富北2-2～59號,3.4,200,雙行,"富北2-2,2-1,2,50,52-2,52-3,51,34-2,52,57-2,56,57-1,57,59號",雙邊禁止停車,無劃設禁制標線,富里分隊,,3.4,3.4
407,富里鄉,石牌村,富北34-1～64號,3.4,200,雙行,"富北34-1,36,40,48-1,48,49,44-1,42,42-1,47,45,64號",雙邊禁止停車,無劃設禁制標線,富里分隊,,3.4,3.4
408,富里鄉,富南村,三台39～49號,4.4～5.9,320,雙行,"三台39,38,42,43,43-2,44,41,47-1,47,49-1,48,49,49-2,64號",雙邊禁止停車、單雙月輪流禁止停車,無劃設禁制標線,富里分隊,,,
409,富里鄉,富南村,三台53～63號,4.3,330,雙行,"三台63,64-3,64-2,64-1,61,62,59,53-1,53號",雙邊禁止停車,無劃設禁制標線,富里分隊,,4.3,4.3
410,富里鄉,富南村,三台20-1～64號,4.4,300,雙行,"三台20-1,64號",雙邊禁止停車,無劃設禁制標線,富里分隊,,4.4,4.4
411,富里鄉,富南村,三台20-1～24號,4.4,200,雙行,"三台20-1,20,24號",雙邊禁止停車,無劃設禁制標線,富里分隊,,4.4,4.4
412,富里鄉,富南村,三台25～29號,3.4,200,雙行,"三台25,17,18,13,12,11,29號",雙邊禁止停車,無劃設禁制標線,富里分隊,,3.4,3.4
413,富里鄉,富南村,三台4-2～14-1號,4,180,雙行,"三台4-2,8-1,8-2,15,14-3,14-4,14-2,8,14,14-1號",雙邊禁止停車,無劃設禁制標線,富里分隊,,4.0,4.0
414,富里鄉,富南村,富南90～89號,4.3,170,雙行,"富南90,92-4,92-2,89-1,89號",雙邊禁止停車,無劃設禁制標線,富里分隊,,4.3,4.3
415,富里鄉,富南村,富南96～路底,4.9,200,雙行,富南96號,雙邊禁止停車,無劃設禁制標線,富里分隊,,4.9,4.9
416,富里鄉,富南村,富南1號公墓～89號,4,700,雙行,"富南1號公墓,89號",雙邊禁止停車,無劃設禁制標線,富里分隊,,4.0,4.0
417,富里鄉,富南村,富南35～36號(ㄇ字型),4.8,380,雙行,"富南35,34,34-1,33,32,30,31,39-1,39,38,37,36-1,36號",雙邊禁止停車,無劃設禁制標線,富里分隊,,4.8,4.8
418,富里鄉,富南村,"富南花81,65～48號（L型）",4.5,400,雙行,"富南65,65-1,65-2,64-1,64,62,62-1,35,61,57,35-1,57,56,54-2,54-1,40,41,54,53,52,52-1,51,50,50-1,50-2號",雙邊禁止停車,無劃設禁制標線,富里分隊,,4.5,4.5
419,富里鄉,石牌村,富北77～87號,5,400,雙行,"富北77,78,80,82,85,83,84,86,87號",雙邊禁止停車,無劃設禁制標線,富里分隊,,5.0,5.0
420,富里鄉,富里村,永安街20～67號,5.5,300,雙行,"永安街52,77,75,73-1,73,57,71,69-1,69,67,16,18,14,12,20,55,19,15,13,22,24,21,28,26,30,32,34,36,36-1,29,33,31,35,23,27,2563-1,59,59-1,29-1,37,39,41,43,45,47,49,38,38-1,38-2,53號",單雙月輪流禁止停車,無劃設禁制標線,富里分隊,,5.5,5.5
421,富里鄉,萬寧村,萬寧21號前巷道,4.3,100,雙行,"萬寧村萬寧
29、29-1、30、21、81號",雙邊禁止停車,已劃設禁制標線,東里分隊,,4.3,4.3
422,富里鄉,吳江村,吳江86-1前巷道,4.7,50,雙行,"吳江村吳江
86、86-1、89-2、89-2、89-5、89-6、89-7號",雙邊禁止停車,已劃設禁制標線,東里分隊,,4.7,4.7
423,富里鄉,東里村,新莊31號前巷道,4.3,100,雙行,"東里村新莊
21、25、26、27、29、31號",雙邊禁止停車,已劃設禁制標線,東里分隊,,4.3,4.3
424,富里鄉,新興村,東興44號前巷道,4.8,50,雙行,"新興村東興
31、32、33、34、35、37、38、39、44、45、46、47、47-1號",雙邊禁止停車,已劃設禁制標線,東里分隊,,4.8,4.8
425,富里鄉,新興村,東興99-2號前巷道,5.3,100,雙行,"新興村東興
99-1、100、104、106、109、117、118、119、128號",雙邊禁止停車,已劃設禁制標線,東里分隊,,5.3,5.3
426,富里鄉,新興村,新興47號前巷道,4.4,50,雙行,"新興村新興
47、48、50、51、52、53、54、55、56、57號",雙邊禁止停車,已劃設禁制標線,東里分隊,,4.4,4.4
