seq_number,code,category,district,fire_station_division,alley_name,width_m
1,2,紅區,中正區,城中分隊,齊東街82巷,2.9
2,3,紅區,中正區,城中分隊,中山北路1段8巷,2.8
3,4,紅區,中正區,城中分隊,中山北路1段26巷,2.6
4,6,紅區,中正區,城中分隊,忠孝西路1段29巷,3
5,7,紅區,中正區,泉州分隊,中華路2段81巷6至44號,3.8
6,12,紅區,中正區,泉州分隊,博愛路230巷2至6號,4
7,23,紅區,中正區,泉州分隊,寧波西街40巷,3.4
8,29,紅區,中正區,泉州分隊,寧波西街22巷,3.3
9,30,紅區,中正區,古亭分隊,重慶南路3段65巷4弄,3.6
10,31,紅區,中正區,古亭分隊,重慶南路3段65巷6弄,3.8
11,33,紅區,萬華區,龍山分隊,西昌街29巷1至25及2至20號,3.5
12,40,紅區,萬華區,龍山分隊,康定路46巷1至11及2至22號,3.5
13,43,紅區,萬華區,龍山分隊,雅江街16至62及39至87號,3.5
14,49,紅區,萬華區,龍山分隊,成都路27巷,2.7
15,51,紅區,萬華區,龍山分隊,成都路105巷1至15及2至16號,3.3
16,54,紅區,萬華區,龍山分隊,中華路1段114巷2至18及5至23號,3
17,58,紅區,萬華區,龍山分隊,永福街49巷4至12號,2.5
18,63,紅區,萬華區,龍山分隊,漢口街2段109巷2至24及7至21-2號,4
19,64,紅區,萬華區,龍山分隊,康定路25巷1至43及2至42號,3.8
20,65,紅區,萬華區,龍山分隊,貴陽街2段114巷3至27及4至28號,4
21,67,紅區,萬華區,雙園分隊,德昌街147巷,4
22,77,黃區,文山區,木柵分隊,秀明路1段79巷1弄,4.2
23,79,紅區,萬華區,雙園分隊,德昌街185巷2號至10號,4
24,82,紅區,萬華區,雙園分隊,西藏路259巷,4
25,89,紅區,萬華區,雙園分隊,寶興街188巷,3.3
26,93,紅區,萬華區,雙園分隊,艋舺大道86巷,3
27,95,紅區,萬華區,雙園分隊,長泰街73巷,3
28,96,紅區,文山區,木柵分隊,興隆路3段229巷,3
29,110,紅區,文山區,景美分隊,萬盛街61至155號,3.4
30,112,紅區,文山區,景美分隊,羅斯福路5段79巷,3
31,120,紅區,文山區,景美分隊,景興路120巷,3.3
32,122,紅區,文山區,景美分隊,育英街17巷5弄,3.6
33,124,紅區,文山區,景美分隊,汀州路4段23巷,4
34,125,紅區,文山區,景美分隊,育英街17巷9弄,3.5
35,130,紅區,文山區,寶橋分隊,景興路53巷5至17號,3.3
36,131,紅區,文山區,景美分隊,溪口街107巷1弄,3
37,132,紅區,文山區,景美分隊,溪口街107巷4弄,3
38,136,紅區,文山區,景美分隊,溪口街66巷6弄,3.8
39,137,紅區,文山區,景美分隊,溪口街91巷,4
40,141,紅區,文山區,景美分隊,羅斯福路5段53巷,2.6
41,142,紅區,文山區,寶橋分隊,木柵路1段191巷(13、14、15及16號),3.2
42,152,紅區,大安區,安和分隊,通化街181巷,3
43,153,紅區,大安區,安和分隊,通化街182巷,3
44,161,紅區,大安區,金華分隊,復興南路2段210巷1弄,3.7
45,162,紅區,大安區,金華分隊,和平東路2段153巷,3.4
46,164,紅區,大安區,安和分隊,和平東路2段283巷,3.4
47,168,紅區,大安區,金華分隊,師大路49巷,3.5
48,174,紅區,大安區,金華分隊,金山南路2段231巷,3.5
49,194,紅區,信義區,信義分隊,松山路119巷17弄(東西向),3.6
50,208,紅區,信義區,信義分隊,林口街10巷(3-1號.5-1號)；林口街24巷(2-1號.4-1號),2.9
51,211,紅區,信義區,莊敬分隊,吳興街118巷,3.7
52,219,紅區,信義區,莊敬分隊,吳興街600巷58弄,3.4
53,221,紅區,信義區,莊敬分隊,吳興街600巷86弄,2.8
54,224,紅區,信義區,莊敬分隊,信義路5段150巷426弄,4
55,226,紅區,信義區,莊敬分隊,崇德街63巷,2.9
56,239,紅區,南港區,南港分隊,南港路1段137巷10弄,3.6
57,245,紅區,南港區,南港分隊,重陽路302號,3.5
58,251,紅區,中山區,松江分隊,中山北路1段96巷,3.7
59,256,紅區,中山區,松江分隊,中山北路2段36巷,3.1
60,257,紅區,中山區,松江分隊,中山北路2段84巷,3.2
61,260,紅區,中山區,松江分隊,八德路2段137巷,3.4
62,263,紅區,中山區,松江分隊,八德路2段267巷,3.4
63,264,紅區,中山區,松江分隊,龍江路38巷,3.8
64,267,紅區,中山區,圓山分隊,錦州橋下,3.8
65,268,紅區,中山區,圓山分隊,民生西路45巷3弄,3.8
66,269,紅區,中山區,圓山分隊,民生西路45巷5弄,2.87
67,270,紅區,中山區,圓山分隊,民生西路45巷7弄,3
68,292,紅區,中山區,大直分隊,北安路559巷,3.4
69,304,紅區,松山區,中崙分隊,寧安街68巷,3
70,305,紅區,松山區,八德分隊,南京東路5段291巷44弄,3.7
71,306,紅區,松山區,八德分隊,南京東路5段291巷41弄,3.7
72,310,紅區,松山區,八德分隊,南京東路5段291巷38弄,3.7
73,311,紅區,松山區,八德分隊,南京東路5段291巷47弄,3.6
74,319,紅區,松山區,八德分隊,八德路4段181巷,3.5
75,324,紅區,松山區,八德分隊,饒河街61巷12弄,4
76,325,紅區,松山區,八德分隊,八德路4段72巷14弄,3.8
77,326,紅區,松山區,八德分隊,八德路4段106巷10弄,3.8
78,327,紅區,松山區,中崙分隊,民族東路668巷2弄,3
79,328,紅區,松山區,中崙分隊,民族東路668巷1弄,3
80,341,紅區,內湖區,內湖分隊,新明路475巷,3.1
81,352,紅區,內湖區,內湖分隊,內湖路1段715巷,3.1
82,354,紅區,內湖區,內湖分隊,內湖路2段179巷3弄,3.7
83,362,紅區,大同區,延平分隊,太原路23巷,3.6
84,363,黃區,大安區,金華分隊,永康街7巷(信義路2段198巷至信義路2段228巷),4.7
85,367,紅區,大同區,延平分隊,鄭州路29巷,3.8
86,372,紅區,大同區,延平分隊,天水路51巷,3.1
87,373,紅區,大同區,延平分隊,重慶北路1段89巷,3
88,374,紅區,大同區,延平分隊,太原路76巷,2.7
89,378,黃區,大安區,金華分隊,金山南路2段159巷,4.3
90,379,黃區,大安區,金華分隊,金山南路2段185巷,4.6
91,380,黃區,大同區,大同分隊,重慶北路2段97巷,4.6
92,389,紅區,大同區,大同分隊,延平北路4段147巷,2.9
93,395,黃區,大安區,金華分隊,建國南路1段286巷,4.3
94,406,黃區,大安區,金華分隊,泰順街50巷,4.7
95,413,紅區,大同區,大同分隊,蘭州街124巷,3.2
96,417,黃區,士林區,天母分隊,中山北路7段232巷19弄,4.8
97,419,紅區,士林區,天母分隊,中山北路7段114巷34弄,3.3
98,422,黃區,大安區,金華分隊,新生南路1段145巷,5.1
99,423,黃區,大安區,金華分隊,新生南路1段151巷,4.65
100,430,紅區,士林區,社子分隊,葫蘆街11巷,3.5
101,437,紅區,士林區,劍潭分隊,安平街,3
102,441,紅區,士林區,雙溪分隊,故宮路15巷,3.5
103,446,黃區,大安區,金華分隊,潮州街60巷,4.6
104,451,黃區,大安區,金華分隊,羅斯福路2段81巷(羅斯福路2段至同巷16弄),4.7
105,452,紅區,士林區,雙溪分隊,德行東路46巷4弄,4
106,464,紅區,北投區,石牌分隊,明德路331巷,3.8
107,466,黃區,大安區,金華分隊,和平東路1段183巷3弄,4.1
108,482,紅區,北投區,光明分隊,中正街49巷31弄,3.9
109,488,紅區,北投區,光明分隊,大同街125巷,3.8
110,503,紅區,北投區,秀山分隊,中華街,3.7
111,508,紅區,北投區,秀山分隊,稻香路73巷,3.1
112,513,紅區,中正區,泉州分隊,汀州路2段12巷,3.4
113,514,紅區,中正區,泉州分隊,愛國東路74巷,3.6
114,517,紅區,中正區,城中分隊,中華路1段9巷,3.5
115,518,紅區,中正區,城中分隊,公園路11巷,3.4
116,519,紅區,中正區,城中分隊,武昌街1段16巷,2.6
117,520,紅區,萬華區,龍山分隊,峨眉街125巷,3
118,521,紅區,中正區,城中分隊,重慶南路1段5巷,3.8
119,522,紅區,中正區,城中分隊,懷寧街108巷,3.6
120,523,紅區,萬華區,龍山分隊,西昌街33至63號,4
121,525,紅區,萬華區,龍山分隊,昆明街320巷2弄1號至11號及4至6,2.5
122,530,紅區,萬華區,雙園分隊,長泰街316巷,2.9
123,531,紅區,文山區,萬芳分隊,木柵路4段159巷,4
124,540,紅區,文山區,木柵分隊,木新路3段74巷,4
125,543,紅區,大安區,金華分隊,信義路2段10巷3弄,3.8
126,544,紅區,大安區,金華分隊,溫州街45巷,3.4
127,545,紅區,大安區,金華分隊,和平東路1段157巷,3.3
128,546,紅區,大安區,金華分隊,泰順街2巷,3.5
129,547,紅區,大安區,安和分隊,復興南路1段79巷,2.6
130,549,紅區,大安區,安和分隊,和平東路3段606巷,3.5
131,550,紅區,大安區,安和分隊,延吉街241巷,2.8
132,551,紅區,大安區,安和分隊,嘉興街376巷,3.3
133,557,紅區,中山區,圓山分隊,合江街71巷,3.7
134,558,紅區,中山區,松江分隊,遼寧街76巷,3.8
135,559,紅區,松山區,八德分隊,八德路4段72巷10弄,3.8
136,560,紅區,松山區,八德分隊,八德路4段106巷6弄,3.8
137,562,紅區,內湖區,內湖分隊,內湖路1段91巷,4
138,563,紅區,內湖區,內湖分隊,環山路1段59巷12弄,3.6
139,565,紅區,內湖區,內湖分隊,康寧路3段180巷,3.9
140,566,紅區,大同區,延平分隊,南京西路250巷,3.6
141,567,紅區,大同區,延平分隊,重慶北路1段26巷,3.3
142,568,紅區,大同區,延平分隊,延平北路1段69巷,3.1
143,569,紅區,大同區,延平分隊,南京西路64巷9弄,3.5
144,570,紅區,大同區,大同分隊,承德路2段63巷,2.7
145,571,紅區,大同區,大同分隊,蘭州街61巷,3
146,572,紅區,士林區,山仔后分隊,格致路55巷,3.5
147,573,紅區,士林區,山仔后分隊,仰德大道2段88巷,3.7
148,574,紅區,士林區,山仔后分隊,華岡路1巷,4
149,575,紅區,士林區,天母分隊,天母東路90巷,3.5
150,577,紅區,士林區,雙溪分隊,中社路2段185巷,3.9
151,578,紅區,士林區,劍潭分隊,中正路201巷,3.4
152,579,紅區,士林區,劍潭分隊,幸福街11巷,3.6
153,581,紅區,北投區,關渡分隊,中央北路4段583巷11弄,3.1
154,582,紅區,北投區,秀山分隊,光華一巷,3
155,583,紅區,北投區,秀山分隊,杏林三路,3.2
156,584,紅區,北投區,秀山分隊,杏林三路10巷,3.8
157,585,紅區,中正區,城中分隊,信義路2段161巷2弄,3.6
158,586,紅區,中正區,城中分隊,仁愛路2段15巷,3.8
159,587,紅區,中正區,城中分隊,仁愛路2段92巷6弄,5
160,588,紅區,中正區,泉州分隊,中華路2段443巷1-32號,3.5
161,589,紅區,萬華區,雙園分隊,西園路1段256巷,3.1
162,590,紅區,萬華區,雙園分隊,中華路2段44巷,3.7
163,591,紅區,萬華區,雙園分隊,大理街130巷,3.6
164,592,紅區,萬華區,雙園分隊,西藏路135號旁與131號中間巷道,2.9
165,593,紅區,萬華區,雙園分隊,萬大路277巷48號前,3.6
166,594,紅區,萬華區,雙園分隊,東園街73巷76弄,3.3
167,595,紅區,萬華區,雙園分隊,東園街160巷,3.8
168,596,紅區,萬華區,龍山分隊,內江街126巷,3
169,597,紅區,萬華區,龍山分隊,昆明街201巷,3
170,598,紅區,萬華區,龍山分隊,康定路278巷(從西昌街進入至9、10號),4
171,599,紅區,萬華區,龍山分隊,漢口街2段109巷7-17及4-16號,3
172,600,紅區,萬華區,龍山分隊,中華路1段76巷,3.3
173,601,紅區,文山區,萬芳分隊,萬芳路26巷,2.6
174,602,紅區,文山區,萬芳分隊,木柵路4段33巷,3.6
175,603,紅區,文山區,萬芳分隊,興隆路3段206巷,3
176,604,紅區,文山區,景美分隊,育英街57巷,4
177,605,紅區,文山區,景美分隊,羅斯福路5段92巷1弄,3.7
178,606,紅區,文山區,景美分隊,羅斯福路6段232巷7~18號,3.6
179,607,紅區,文山區,景美分隊,車前路29巷,3.7
180,609,紅區,文山區,木柵分隊,集英街,3.5
181,610,紅區,文山區,木柵分隊,木柵路3段85巷4、6號及木柵路3段81、83號,3
182,611,紅區,文山區,木柵分隊,指南路1段96巷,3.2
183,612,紅區,文山區,木柵分隊,秀明路2段112巷1弄,3.7
184,613,紅區,大安區,金華分隊,信義路2段10巷,3.9
185,614,紅區,大安區,金華分隊,羅斯福路3段17巷1弄,3.3
186,615,紅區,大安區,金華分隊,新生南路3段14巷,3.7
187,616,紅區,大安區,金華分隊,潮州街73巷,4
188,617,紅區,大安區,金華分隊,和平東路1段11巷,4
189,619,紅區,大安區,安和分隊,和平東路3段72巷,3.7
190,620,紅區,中山區,松江分隊,南京西路12巷13弄,3.5
191,621,紅區,中山區,松江分隊,市民大道2段5巷,3
192,622,紅區,內湖區,內湖分隊,民權東路6段280巷45弄,3.7
193,623,紅區,大同區,延平分隊,承德路1段77巷,3.8
194,624,紅區,中正區,古亭分隊,廈門街34巷,3.4
195,625,紅區,中正區,泉州分隊,大埔街21巷,3.4
196,626,紅區,文山區,寶橋分隊,辛亥路7段20巷,2.6
197,627,紅區,中正區,泉州分隊,中華路2段441巷,3.7
198,628,紅區,士林區,劍潭分隊,中正路223巷,3.6
199,629,紅區,內湖區,內湖分隊,內湖路1段737巷8弄,3.3
200,630,紅區,士林區,社子分隊,延平北路5段224巷,2.9
201,631,紅區,松山區,中崙分隊,光復南路66巷(八德路3段158巷以東),3.9
202,721,黃區,中山區,松江分隊,建國北路2段64巷,4.9
203,901,黃區,內湖區,內湖分隊,成功路2段312巷,5.3
204,946,黃區,大同區,延平分隊,長安西路145巷,4.8
205,951,黃區,大同區,延平分隊,太原路79巷,4.1
206,952,黃區,大同區,延平分隊,太原路97巷,4.3
207,966,黃區,大同區,大同分隊,承德路2段75巷,5.1
208,1036,黃區,北投區,陽明山分隊,行義路180巷,5.2
209,1049,黃區,中正區,城中分隊,重慶南路1段118巷,4.4
210,1076,黃區,信義區,信義分隊,永吉路443巷13弄,4.1
211,1125,黃區,大同區,大同分隊,慶昌橋,4.7
212,1128,紅區,中正區,古亭分隊,同安街72巷,4
213,1130,黃區,士林區,劍潭分隊,美德街,4.6
214,1132,黃區,士林區,雙溪分隊,芝玉路1段,4.6
215,1133,黃區,士林區,劍潭分隊,福壽街,5.3
216,1135,黃區,士林區,山仔后分隊,愛富二街長生巷,4.6
217,1136,紅區,大同區,大同分隊,伊寧街(75巷口至105號),3.1
218,1137,紅區,北投區,光明分隊,大同街174巷,3
219,1138,紅區,士林區,山仔后分隊,建業路11巷,2.9
220,1139,紅區,大安區,安和分隊,四維路124巷,3.5
221,1140,紅區,大安區,安和分隊,和平東路3段512巷,3.5
222,1150,黃區,北投區,陽明山分隊,行義路58巷,4.6
223,1151,黃區,北投區,陽明山分隊,行義路5巷,4.3
224,1168,黃區,文山區,萬芳分隊,興德路20巷,4.5
225,1176,黃區,文山區,木柵分隊,開元街,4.8
226,1179,黃區,中正區,泉州分隊,南昌路2段18巷連通牯嶺街89巷,4.3
227,1185,黃區,大安區,金華分隊,浦城街13巷,4.1
228,1186,黃區,大安區,金華分隊,師大路68巷接浦城街21巷,5.1
229,1191,黃區,中正區,古亭分隊,廈門街81巷,4.9
230,1206,黃區,士林區,劍潭分隊,中正路235巷,4.1
231,1207,黃區,中正區,古亭分隊,廈門街71巷,4.3
232,1208,黃區,中正區,古亭分隊,同安街86巷,5.2
233,1209,黃區,中正區,古亭分隊,廈門街99巷,5.5
234,1210,黃區,中正區,城中分隊,延平南路133巷,4.9
235,1211,黃區,中正區,城中分隊,臨沂街59巷,5.4
236,1212,黃區,中正區,城中分隊,林森南路99巷,4.2
237,1213,黃區,中正區,城中分隊,連雲街26巷,4.3
238,1214,黃區,萬華區,龍山分隊,南寧路48巷,4.1
239,1215,黃區,萬華區,龍山分隊,漢口街2段74巷,4.1
240,1216,黃區,萬華區,龍山分隊,昆明街96巷,4
241,1217,黃區,文山區,寶橋分隊,忠順街1段121巷3弄,4.5
242,1218,黃區,文山區,寶橋分隊,忠順街1段41巷3弄,4.5
243,1219,黃區,文山區,寶橋分隊,興隆路4段8巷,4.7
244,1220,黃區,中山區,大直分隊,北安路759巷,5.1
245,1221,黃區,內湖區,大湖分隊,大湖街131巷,4.1
246,1222,黃區,士林區,劍潭分隊,中正路213巷,4.1
247,1223,黃區,北投區,關渡分隊,知行路202巷,4.8
248,1224,黃區,中山區,松江分隊,民生西路66巷,5.2
249,1225,黃區,大同區,大同分隊,昌吉街110巷,5
250,1226,黃區,大同區,大同分隊,重慶北路3段9巷,5
251,1227,黃區,士林區,山仔后分隊,新安路56巷,4.1
252,1228,黃區,大安區,金華分隊,金山南路2段203巷,4.5
253,1229,黃區,北投區,關渡分隊,西安橋(北投路1段),4.2
254,1230,黃區,大同區,大同分隊,南京西路107巷,4
255,1231,黃區,大安區,金華分隊,建國南路1段318巷,5.3
256,1232,黃區,大安區,金華分隊,新生南路1段143巷,5.3
257,1233,黃區,大安區,金華分隊,新生南路1段157巷,5.4
258,1234,黃區,大安區,金華分隊,新生南路1段139巷6弄,5.4
259,1235,黃區,士林區,劍潭分隊,中正路365巷,4
260,1236,黃區,中正區,泉州分隊,汀州路1段140巷及140巷13弄,4
261,1237,黃區,中正區,泉州分隊,和平西路2段98巷2弄,4.2
262,1238,黃區,大安區,金華分隊,新生南路1段133巷,5.4
263,1239,黃區,中正區,泉州分隊,詔安街26巷,4.2
264,1240,黃區,大安區,金華分隊,新生南路1段165巷,5.4
265,1241,黃區,大同區,延平分隊,南京西路18巷,4
266,1242,黃區,北投區,秀山分隊,石仙路（15號右側圍牆處至24號）,5.3
267,1243,黃區,文山區,木柵分隊,新光路1段32巷4弄,4.4
268,1244,黃區,大安區,金華分隊,復興南路2段340巷,4.5
269,1245,紅區,士林區,劍潭分隊,小西街33號至57-1號,2.9
270,1246,紅區,北投區,陽明山分隊,行義路112巷,3.5
271,1247,黃區,北投區,秀山分隊,中和街474巷(458巷45弄口起至474巷65弄口),4.5
272,1248,黃區,大安區,金華分隊,和平東路2段96巷17弄,4.4
273,1249,紅區,大安區,安和分隊,復興南路2段337巷6弄,3.8
274,1250,黃區,萬華區,龍山分隊,隆昌街（西寧南路至昆明街）,4.1
